レースID(新),レース名,発走時刻,年限定,芝ダ,距離,枠番,馬番,馬記号,馬名,性,齢,騎手,斤量,キャリア(当時/取消等含),マイニング値,マイニング順位,対戦型マイニング値,対戦型マイニング順位,ﾏｲ差,Tﾏ差,指数1,指数2,指数3,指数4,単オッズ,クラス,Ｒ,競走種別C,競走記号コード,着,血統登録番号
202608150101070101,未勝利,10:00,３歳,ダ,1700,1,1,, ジャストグレース,牡,3,古川吉洋, 57 ,6,108.81,5,50.7,8, 1.45,26.1,,,,,60.1,未勝利,1,12,003,,2023102517
202608150101070102,未勝利,10:00,３歳,ダ,1700,2,2,, リベンジャー,牡,3,石川倭, 57 ,2,109.68,12,25.1,13, 2.32,51.7,,,,,42.2,未勝利,1,12,003,,2023104286
202608150101070103,未勝利,10:00,３歳,ダ,1700,3,3,, クルビデンス,牡,3,佐々木大, 57 ,6,107.86,2,73.6,3, 0.50, 3.2,,,,,2.1,未勝利,1,12,003,,2023104001
202608150101070104,未勝利,10:00,３歳,ダ,1700,3,4,, マーゴットデウス,セ,3,小沢大仁, 57 ,6,107.98,3,52.2,6, 0.62,24.6,,,,,34.6,未勝利,1,12,003,,2023103289
202608150101070105,未勝利,10:00,３歳,ダ,1700,4,5,, メイショウシンガン,牡,3,横山琉人, 57 ,4,109.62,11,41.6,9, 2.26,35.2,,,,,20.6,未勝利,1,12,003,,2023104988
202608150101070106,未勝利,10:00,３歳,ダ,1700,4,6,, フレンチブラッサム,牝,3,横山典弘, 55 ,9,107.36,1,76.8,1,-0.50,-1.0,,,,,6.4,未勝利,1,12,003,,2023105062
202608150101070107,未勝利,10:00,３歳,ダ,1700,5,7,, ショウナンタヅナ,牡,3,池添謙一, 57 ,12,108.36,4,75.8,2, 1.00, 1.0,,,,,21.3,未勝利,1,12,003,,2023100531
202608150101070108,未勝利,10:00,３歳,ダ,1700,5,8,, ニットウエース,牡,3,浜中俊, 57 ,2,109.39,10,38.5,10, 2.03,38.3,,,,,16.8,未勝利,1,12,003,,2023104977
202608150101070109,未勝利,10:00,３歳,ダ,1700,6,9,, ロードクローザー,牡,3,横山和生, 57 ,4,109.11,8,25.4,12, 1.75,51.4,,,,,6.9,未勝利,1,12,003,,2023105060
202608150101070110,未勝利,10:00,３歳,ダ,1700,6,10,, アンタレス,牡,3,和田陽希,54▲,5,110.33,14,32.7,11, 2.97,44.1,,,,,12.2,未勝利,1,12,003,,2023100017
202608150101070111,未勝利,10:00,３歳,ダ,1700,7,11,, ゴーントゥファー,セ,3,長浜鴻緒,56☆,4,110.01,13,18.7,14, 2.65,58.1,,,,,110.6,未勝利,1,12,003,,2023106531
202608150101070112,未勝利,10:00,３歳,ダ,1700,7,12,, サンオブザサン,牡,3,斎藤新, 57 ,7,109.03,7,66.0,5, 1.67,10.8,,,,,10.6,未勝利,1,12,003,,2023101979
202608150101070113,未勝利,10:00,３歳,ダ,1700,8,13,, フェンリル,牡,3,菊沢一樹, 57 ,4,108.94,6,51.2,7, 1.58,25.6,,,,,20.6,未勝利,1,12,003,,2023106726
202608150101070114,未勝利,10:00,３歳,ダ,1700,8,14,, ワンダーゾルダート,牡,3,松本大輝, 57 ,9,109.24,9,71.2,4, 1.88, 5.6,,,,,25.3,未勝利,1,12,003,,2023101714
202608150101070201,未勝利*,10:30,２歳,芝,1800,1,1,, マイネルラビリンス,牡,2,菊沢一樹, 55 ,1,111.18,5,53.3,4, 1.20,24.4,,,,,44.8,未勝利,2,11,A03,,2024105029
202608150101070202,未勝利*,10:30,２歳,芝,1800,2,2,, オンザボー,牡,2,佐々木大, 55 ,1,109.98,1,70.0,3,-0.32, 7.7,,,,,12.1,未勝利,2,11,A03,,2024103472
202608150101070203,未勝利*,10:30,２歳,芝,1800,3,3,, イッペイ,牡,2,浜中俊, 55 ,2,110.85,4,77.7,1, 0.87,-5.9,,,,,4.8,未勝利,2,11,A03,,2024104442
202608150101070204,未勝利*,10:30,２歳,芝,1800,4,4,, マイネルサリーレ,牡,2,斎藤新, 55 ,1,110.64,3,36.3,8, 0.66,41.4,,,,,35.3,未勝利,2,11,A03,,2024103571
202608150101070205,未勝利*,10:30,２歳,芝,1800,5,5,, ローザベッラ,牝,2,石川倭, 55 ,1,112.03,10,42.9,7, 2.05,34.8,,,,,73.7,未勝利,2,11,A03,,2024101670
202608150101070206,未勝利*,10:30,２歳,芝,1800,6,6,, カリスマン,牡,2,吉田隼人, 55 ,1,111.69,8,30.2,9, 1.71,47.5,,,,,127.6,未勝利,2,11,A03,,2024106804
202608150101070207,未勝利*,10:30,２歳,芝,1800,7,7,, ラヴァンドローリエ,牝,2,古川吉洋, 55 ,1,111.50,6,48.6,6, 1.52,29.1,,,,,37.8,未勝利,2,11,A03,,2024103131
202608150101070208,未勝利*,10:30,２歳,芝,1800,7,8,, ルージュロマーナ,牝,2,舟山瑠泉,54☆,1,111.65,7,49.4,5, 1.67,28.3,,,,,12.0,未勝利,2,11,A03,,2024102132
202608150101070209,未勝利*,10:30,２歳,芝,1800,8,9,, レゾンフォルテ,牡,2,横山和生, 55 ,1,110.30,2,71.8,2, 0.32, 5.9,,,,,1.3,未勝利,2,11,A03,,2024105188
202608150101070210,未勝利*,10:30,２歳,芝,1800,8,10,, タクミオジュウ,牡,2,長浜鴻緒,54☆,1,111.76,9,19.2,10, 1.78,58.5,,,,,63.0,未勝利,2,11,A03,,2024100130
202608150101070301,未勝利,11:00,３歳,ダ,1000,1,1,, ナブッコ,牡,3,横山武史, 57 ,11,59.89,1,73.0,1,-0.15,-1.5,,,,,9.7,未勝利,3,12,003,,2023104377
202608150101070302,未勝利,11:00,３歳,ダ,1000,2,2,, フェアリーキャット,牝,3,古川奈穂,53◇,4,60.09,3,51.7,7, 0.20,21.3,,,,,8.7,未勝利,3,12,003,,2023104847
202608150101070303,未勝利,11:00,３歳,ダ,1000,3,3,, ソルトアイリス,牝,3,横山和生, 55 ,4,60.42,10,33.6,9, 0.53,39.4,,,,,18.8,未勝利,3,12,003,,2023104169
202608150101070304,未勝利,11:00,３歳,ダ,1000,4,4,, トルークマクト,牝,3,石川倭, 55 ,5,60.31,8,35.3,8, 0.42,37.7,,,,,20.7,未勝利,3,12,003,,2023101088
202608150101070305,未勝利,11:00,３歳,ダ,1000,5,5,, シルフ,牝,3,松本大輝, 55 ,3,60.28,7,27.6,10, 0.39,45.4,,,,,6.8,未勝利,3,12,003,,2023107214
202608150101070306,未勝利,11:00,３歳,ダ,1000,5,6,, アニマレイ,牡,3,小林美駒,54▲,11,60.25,4,71.1,3, 0.36, 1.9,,,,,4.5,未勝利,3,12,003,,2023105279
202608150101070307,未勝利,11:00,３歳,ダ,1000,6,7,, デルマハルナ,牝,3,和田陽希,52▲,3,60.50,11,19.7,11, 0.61,53.3,,,,,40.8,未勝利,3,12,003,,2023101370
202608150101070308,未勝利,11:00,３歳,ダ,1000,6,8,, ダイユウサルターレ,牡,3,佐々木大, 57 ,5,61.14,12,15.7,12, 1.25,57.3,,,,,21.9,未勝利,3,12,003,,2023102809
202608150101070309,未勝利,11:00,３歳,ダ,1000,7,9,, サンライズロイ,牡,3,菱田裕二, 57 ,9,60.27,6,65.3,6, 0.38, 7.7,,,,,12.0,未勝利,3,12,003,,2023106556
202608150101070310,未勝利,11:00,３歳,ダ,1000,7,10,, フェイスリフト,牡,3,古川吉洋, 57 ,14,60.33,9,67.0,5, 0.44, 6.0,,,,,9.0,未勝利,3,12,003,,2023106605
202608150101070311,未勝利,11:00,３歳,ダ,1000,8,11,, メイワキラリ,牡,3,川又賢治, 57 ,10,60.04,2,67.9,4, 0.15, 5.1,,,,,8.2,未勝利,3,12,003,,2023103746
202608150101070312,未勝利,11:00,３歳,ダ,1000,8,12,, ツクバヴァンガード,牡,3,長浜鴻緒,56☆,8,60.26,5,71.5,2, 0.37, 1.5,,,,,5.4,未勝利,3,12,003,,2023101037
202608150101070401,未勝利,11:30,３歳,ダ,2400,1,1,, ザンテソーロ,牡,3,横山武史, 57 ,9,156.68,4,71.6,3, 0.85, 4.6,,,,,7.1,未勝利,4,12,A03,,2023106733
202608150101070402,未勝利,11:30,３歳,ダ,2400,2,2,, シエルブリエ,牡,3,河原田菜,53★,3,159.22,12,30.1,8, 3.39,46.1,,,,,19.5,未勝利,4,12,A03,,2023102187
202608150101070403,未勝利,11:30,３歳,ダ,2400,3,3,, ポップアップ,セ,3,佐々木大, 57 ,7,156.32,2,75.2,2, 0.49, 1.0,,,,,7.7,未勝利,4,12,A03,,2023105444
202608150101070404,未勝利,11:30,３歳,ダ,2400,4,4,, ロードステラート,牡,3,横山琉人, 57 ,11,156.60,3,69.6,4, 0.77, 6.6,,,,,15.4,未勝利,4,12,A03,,2023105838
202608150101070405,未勝利,11:30,３歳,ダ,2400,5,5,, ガビーズメロディ,牡,3,原田和真, 57 ,4,158.43,6,49.5,6, 2.60,26.7,,,,,41.7,未勝利,4,12,A03,,2023106214
202608150101070406,未勝利,11:30,３歳,ダ,2400,5,6,, ウインガネーシャ,牡,3,菊沢一樹, 57 ,8,155.83,1,76.2,1,-0.49,-1.0,,,,,2.1,未勝利,4,12,A03,,2023105870
202608150101070407,未勝利,11:30,３歳,ダ,2400,6,7,, コイバナ,牝,3,和田陽希,52▲,7,158.45,7,48.9,7, 2.62,27.3,,,,,13.8,未勝利,4,12,A03,,2023102700
202608150101070408,未勝利,11:30,３歳,ダ,2400,6,8,, ワイルドカイザー,牡,3,長浜鴻緒,56☆,2,158.62,8,24.8,12, 2.79,51.4,,,,,49.8,未勝利,4,12,A03,,2023102550
202608150101070409,未勝利,11:30,３歳,ダ,2400,7,9,, ブラックパロット,牡,3,舟山瑠泉,56☆,7,158.77,9,28.0,10, 2.94,48.2,,,,,27.3,未勝利,4,12,A03,,2023107307
202608150101070410,未勝利,11:30,３歳,ダ,2400,7,10,, ブロント,牡,3,浜中俊, 57 ,0,159.03,11,28.0,10, 3.20,48.2,,,,,13.4,未勝利,4,12,A03,,2023105678
202608150101070411,未勝利,11:30,３歳,ダ,2400,8,11,, ウインモンクール,牡,3,松本大輝, 57 ,5,158.92,10,29.8,9, 3.09,46.4,,,,,35.3,未勝利,4,12,A03,,2023105889
202608150101070412,未勝利,11:30,３歳,ダ,2400,8,12,, モロノカガヤキ,牡,3,小林美駒,54▲,6,156.82,5,67.7,5, 0.99, 8.5,,,,,7.3,未勝利,4,12,A03,,2023106060
202608150101070501,新馬,12:20,２歳,芝,1200,1,1,, パーフェクトゲーム,牝,2,横山和生, 55 ,0,70.62,7,49.6,6, 0.62,24.9,,,,,5.2,新馬,5,11,A03,,2024105302
202608150101070502,新馬,12:20,２歳,芝,1200,2,2,, スピリッツ,牝,2,小林美駒,52▲,0,71.04,8,37.7,11, 1.04,36.8,,,,,7.2,新馬,5,11,A03,,2024102041
202608150101070503,新馬,12:20,２歳,芝,1200,3,3,, フレンドミラノ,牡,2,河原田菜,51★,0,71.54,10,23.8,12, 1.54,50.7,,,,,30.2,新馬,5,11,A03,,2024100841
202608150101070504,新馬,12:20,２歳,芝,1200,4,4,, ディンクスマッシュ,牡,2,舟山瑠泉,54☆,0,71.52,9,51.1,5, 1.52,23.4,,,,,21.9,新馬,5,11,A03,,2024104842
202608150101070505,新馬,12:20,２歳,芝,1200,5,5,, ジオパークカツキ,牡,2,横山武史, 55 ,0,70.08,2,64.3,2, 0.08,10.2,,,,,3.1,新馬,5,11,A03,,2024102740
202608150101070506,新馬,12:20,２歳,芝,1200,5,6,, ハミングリップス,牝,2,遠藤汰月,52▲,0,70.35,5,45.5,9, 0.35,29.0,,,,,22.5,新馬,5,11,A03,,2024101510
202608150101070507,新馬,12:20,２歳,芝,1200,6,7,, キャンドル,牝,2,浜中俊, 55 ,0,70.09,3,74.5,1, 0.09,-10.2,,,,,8.6,新馬,5,11,A03,,2024101730
202608150101070508,新馬,12:20,２歳,芝,1200,6,8,, アオイスミレ,牝,2,菱田裕二, 55 ,0,70.00,1,60.1,4,-0.08,14.4,,,,,8.8,新馬,5,11,A03,,2024106414
202608150101070509,新馬,12:20,２歳,芝,1200,7,9,, トスカ,牝,2,小沢大仁, 55 ,0,71.62,12,46.0,8, 1.62,28.5,,,,,13.5,新馬,5,11,A03,,2024105538
202608150101070510,新馬,12:20,２歳,芝,1200,7,10,, スマートライナー,牝,2,古川吉洋, 55 ,0,71.57,11,38.0,10, 1.57,36.5,,,,,16.4,新馬,5,11,A03,,2024100838
202608150101070511,新馬,12:20,２歳,芝,1200,8,11,, ゲームチェンジャー,牡,2,原田和真, 55 ,0,70.61,6,47.6,7, 0.61,26.9,,,,,67.0,新馬,5,11,A03,,2024105634
202608150101070512,新馬,12:20,２歳,芝,1200,8,12,, タワーレイヴン,牡,2,横山琉人, 55 ,0,70.23,4,61.2,3, 0.23,13.3,,,,,10.1,新馬,5,11,A03,,2024109022
202608150101070601,未勝利,12:50,３歳,芝,1500,1,1,, グローリーバローズ,セ,3,横山武史, 57 ,4,89.39,8,67.5,4, 2.15,10.4,,,,,13.1,未勝利,6,12,A03,,2023105470
202608150101070602,未勝利,12:50,３歳,芝,1500,2,2,, タマモパルファン,牝,3,荻野琢真, 55 ,1,89.61,11,38.7,10, 2.37,39.2,,,,,30.6,未勝利,6,12,A03,,2023104230
202608150101070603,未勝利,12:50,３歳,芝,1500,3,3,, フラワーフェアリー,牝,3,黛弘人, 55 ,2,90.56,14,22.3,14, 3.32,55.6,,,,,87.1,未勝利,6,12,A03,,2023102361
202608150101070604,未勝利,12:50,３歳,芝,1500,3,4,, ヒャクレツケン,牡,3,遠藤汰月,54▲,11,88.58,4,28.6,12, 1.34,49.3,,,,,124.1,未勝利,6,12,A03,,2023106687
202608150101070605,未勝利,12:50,３歳,芝,1500,4,5,, レイナデルアイレ,牝,3,石川倭, 55 ,5,89.05,7,55.9,7, 1.81,22.0,,,,,10.9,未勝利,6,12,A03,,2023103559
202608150101070606,未勝利,12:50,３歳,芝,1500,4,6,, ニシノシャルム,牝,3,古川奈穂,53◇,7,89.55,10,40.4,9, 2.31,37.5,,,,,29.7,未勝利,6,12,A03,,2023105138
202608150101070607,未勝利,12:50,３歳,芝,1500,5,7,, エアヴァイブス,牝,3,北村友一, 55 ,8,88.91,6,77.9,1, 1.67,-7.8,,,,,4.0,未勝利,6,12,A03,,2023106910
202608150101070608,未勝利,12:50,３歳,芝,1500,5,8,, エイシンキーンラン,牝,3,菊沢一樹, 55 ,4,88.04,2,48.3,8, 0.80,29.6,,,,,12.2,未勝利,6,12,A03,,2023105530
202608150101070609,未勝利,12:50,３歳,芝,1500,6,9,, シャルムグリーン,牡,3,横山琉人, 57 ,8,87.24,1,68.2,3,-0.80, 9.7,,,,,3.9,未勝利,6,12,A03,,2023101459
202608150101070610,未勝利,12:50,３歳,芝,1500,6,10,, ショウナンバーボン,牡,3,小林美駒,54▲,9,89.40,9,70.1,2, 2.16, 7.8,,,,,5.0,未勝利,6,12,A03,,2023106620
202608150101070611,未勝利,12:50,３歳,芝,1500,7,11,, サウンドファミリエ,牝,3,吉田隼人, 55 ,6,88.83,5,60.2,6, 1.59,17.7,,,,,17.6,未勝利,6,12,A03,,2023104254
202608150101070612,未勝利,12:50,３歳,芝,1500,7,12,, ヤマヤロード,牝,3,古川吉洋, 55 ,4,88.18,3,34.7,11, 0.94,43.2,,,,,104.6,未勝利,6,12,A03,,2023100351
202608150101070613,未勝利,12:50,３歳,芝,1500,8,13,, ランウェイミューズ,牝,3,舟山瑠泉,54☆,4,89.84,12,63.8,5, 2.60,14.1,,,,,7.9,未勝利,6,12,A03,,2023107304
202608150101070614,未勝利,12:50,３歳,芝,1500,8,14,, アップターンデイ,牡,3,菱田裕二, 57 ,2,90.54,13,22.5,13, 3.30,55.4,,,,,36.2,未勝利,6,12,A03,,2023106772
202608150101070701,１勝ｸﾗｽ・牝,13:20,３歳以上,芝,2000,1,1,, メリザンド,牝,4,菊沢一樹, 56 ,9,121.74,4,61.2,4, 0.82,14.8,,,,,5.3,1勝,7,13,023,,2022105182
202608150101070702,１勝ｸﾗｽ・牝,13:20,３歳以上,芝,2000,2,2,, エリナ,牝,4,古川奈穂,54◇,10,122.17,10,22.5,15, 1.25,53.5,,,,,104.3,1勝,7,13,023,,2022101492
202608150101070703,１勝ｸﾗｽ・牝,13:20,３歳以上,芝,2000,2,3,, ミッキーテネシー,牝,3,横山武史, 53 ,2,120.92,1,76.0,1,-0.55,-8.4,,,,,2.2,1勝,7,13,023,,2023102238
202608150101070704,１勝ｸﾗｽ・牝,13:20,３歳以上,芝,2000,3,4,, アンディムジーク,牝,3,古川吉洋, 53 ,8,122.37,13,52.2,8, 1.45,23.8,,,,,20.6,1勝,7,13,023,,2023103797
202608150101070705,１勝ｸﾗｽ・牝,13:20,３歳以上,芝,2000,3,5,, エイカイコバチ,牝,3,小沢大仁, 53 ,8,121.65,3,67.6,2, 0.73, 8.4,,,,,19.6,1勝,7,13,023,,2023107144
202608150101070706,１勝ｸﾗｽ・牝,13:20,３歳以上,芝,2000,4,6,, エトワールブーケ,牝,3,横山和生, 53 ,3,122.23,11,65.7,3, 1.31,10.3,,,,,28.2,1勝,7,13,023,,2023105993
202608150101070707,１勝ｸﾗｽ・牝,13:20,３歳以上,芝,2000,4,7,, ニシノエピカリ,牝,4,河原田菜,52★,13,122.72,14,34.0,14, 1.80,42.0,,,,,63.3,1勝,7,13,023,,2022100724
202608150101070708,１勝ｸﾗｽ・牝,13:20,３歳以上,芝,2000,5,8,(地), ヴァーナリー,牝,4,舟山瑠泉,55☆,8,122.31,12,34.4,13, 1.39,41.6,,,,,23.9,1勝,7,13,023,,2022104977
202608150101070709,１勝ｸﾗｽ・牝,13:20,３歳以上,芝,2000,5,9,, アドマイヤシュラ,牝,3,佐々木大, 53 ,3,121.88,5,58.1,6, 0.96,17.9,,,,,7.1,1勝,7,13,023,,2023106840
202608150101070710,１勝ｸﾗｽ・牝,13:20,３歳以上,芝,2000,6,10,, ドマーネ,牝,4,浜中俊, 56 ,10,122.14,9,54.7,7, 1.22,21.3,,,,,26.6,1勝,7,13,023,,2022103271
202608150101070711,１勝ｸﾗｽ・牝,13:20,３歳以上,芝,2000,6,11,(地), ディヒターリーベ,牝,4,石川倭, 56 ,5,121.47,2,59.3,5, 0.55,16.7,,,,,11.2,1勝,7,13,023,,2022105153
202608150101070712,１勝ｸﾗｽ・牝,13:20,３歳以上,芝,2000,7,12,, エイトスターズ,牝,6,小林美駒,53▲,36,123.21,15,35.9,12, 2.29,40.1,,,,,31.8,1勝,7,13,023,,2020103772
202608150101070713,１勝ｸﾗｽ・牝,13:20,３歳以上,芝,2000,7,13,, セットエトワール,牝,3,長浜鴻緒,52☆,3,121.97,6,46.8,9, 1.05,29.2,,,,,20.0,1勝,7,13,023,,2023103792
202608150101070714,１勝ｸﾗｽ・牝,13:20,３歳以上,芝,2000,8,14,, キタノサリスカ,牝,3,和田陽希,50▲,6,122.10,8,38.7,11, 1.18,37.3,,,,,76.0,1勝,7,13,023,,2023105977
202608150101070715,１勝ｸﾗｽ・牝,13:20,３歳以上,芝,2000,8,15,, ルージュスティーズ,牝,4,吉田隼人, 56 ,12,121.98,7,42.3,10, 1.06,33.7,,,,,17.9,1勝,7,13,023,,2022103063
202608150101070801,１勝ｸﾗｽ,13:50,３歳以上,ダ,1700,1,1,, フェニーチェドーロ,牝,4,荻野琢真, 56 ,13,107.59,10,33.7,10, 1.41,35.3,,,,,34.6,1勝,8,13,003,,2022101408
202608150101070802,１勝ｸﾗｽ,13:50,３歳以上,ダ,1700,2,2,, カリーン,牝,4,北村友一, 56 ,7,107.43,9,41.8,7, 1.25,27.2,,,,,16.7,1勝,8,13,003,,2022105532
202608150101070803,１勝ｸﾗｽ,13:50,３歳以上,ダ,1700,3,3,, ザハント,セ,4,小沢大仁, 58 ,13,106.65,3,69.0,1, 0.47,-0.3,,,,,7.7,1勝,8,13,003,,2022102929
202608150101070804,１勝ｸﾗｽ,13:50,３歳以上,ダ,1700,4,4,, ファンタイムギフト,セ,4,横山琉人, 58 ,14,107.31,6,41.7,8, 1.13,27.3,,,,,21.6,1勝,8,13,003,,2022102378
202608150101070805,１勝ｸﾗｽ,13:50,３歳以上,ダ,1700,5,5,, タイセツナヒ,牡,3,大野拓弥, 55 ,9,107.32,7,40.3,9, 1.14,28.7,,,,,22.4,1勝,8,13,003,,2023102352
202608150101070806,１勝ｸﾗｽ,13:50,３歳以上,ダ,1700,6,6,, ビービーバザーク,牡,4,和田陽希,55▲,15,106.77,4,65.1,3, 0.59, 3.9,,,,,5.3,1勝,8,13,003,,2022102397
202608150101070807,１勝ｸﾗｽ,13:50,３歳以上,ダ,1700,6,7,, ヒロイックヴァース,牡,3,横山武史, 55 ,7,107.06,5,56.1,5, 0.88,12.9,,,,,5.3,1勝,8,13,003,,2023102418
202608150101070808,１勝ｸﾗｽ,13:50,３歳以上,ダ,1700,7,8,, ハイライトニング,セ,3,横山和生, 55 ,8,107.35,8,43.7,6, 1.17,25.3,,,,,16.7,1勝,8,13,003,,2023105381
202608150101070809,１勝ｸﾗｽ,13:50,３歳以上,ダ,1700,7,9,, ロードアマルフィ,牡,3,石川倭, 55 ,11,106.30,2,68.7,2, 0.12, 0.3,,,,,3.0,1勝,8,13,003,,2023105786
202608150101070810,１勝ｸﾗｽ,13:50,３歳以上,ダ,1700,8,10,, ミスティマウンテン,牡,4,佐々木大, 58 ,15,106.18,1,64.5,4,-0.12, 4.5,,,,,6.3,1勝,8,13,003,,2022101684
202608150101070811,１勝ｸﾗｽ,13:50,３歳以上,ダ,1700,8,11,(地), ピースフルワールド,牝,5,菊沢一樹, 56 ,12,109.20,11,24.8,11, 3.02,44.2,,,,,40.1,1勝,8,13,003,,2021102483
202608150101070901,コスモス,14:25,２歳,芝,1800,1,1,, コスモハナミズキ,牝,2,佐々木大, 55 ,2,110.15,2,54.1,5, 0.15,26.2,,,,,8.7,ｵｰﾌﾟﾝ,9,11,N04,,2024103590
202608150101070902,コスモス,14:25,２歳,芝,1800,2,2,[地], アヴナント,牝,2,吉田隼人, 55 ,3,111.03,6,17.2,8, 1.03,63.1,,,,,59.3,ｵｰﾌﾟﾝ,9,11,N04,,2024102518
202608150101070903,コスモス,14:25,２歳,芝,1800,3,3,, アヴィアトーレ,牡,2,横山武史, 55 ,1,110.55,5,61.5,3, 0.55,18.8,,,,,3.7,ｵｰﾌﾟﾝ,9,11,N04,,2024105890
202608150101070904,コスモス,14:25,２歳,芝,1800,4,4,[地], キャトルブランシュ,牝,2,小野楓馬, 55 ,4,111.12,7,34.4,6, 1.12,45.9,,,,,72.8,ｵｰﾌﾟﾝ,9,11,N04,,2024104046
202608150101070905,コスモス,14:25,２歳,芝,1800,5,5,[地], ミラクルヴェリテ,牝,2,石川倭, 55 ,1,111.48,8,27.7,7, 1.48,52.6,,,,,16.7,ｵｰﾌﾟﾝ,9,11,N04,,2024100380
202608150101070906,コスモス,14:25,２歳,芝,1800,6,6,, アゴルディーノ,牡,2,横山和生, 55 ,1,110.33,3,60.6,4, 0.33,19.7,,,,,3.7,ｵｰﾌﾟﾝ,9,11,N04,,2024105444
202608150101070907,コスモス,14:25,２歳,芝,1800,7,7,, ウインワーグナー,牡,2,菊沢一樹, 55 ,1,110.00,1,80.3,1,-0.15,-16.5,,,,,5.3,ｵｰﾌﾟﾝ,9,11,N04,,2024103053
202608150101070908,コスモス,14:25,２歳,芝,1800,8,8,, デアグランツ,牡,2,浜中俊, 55 ,1,110.36,4,63.8,2, 0.36,16.5,,,,,3.1,ｵｰﾌﾟﾝ,9,11,N04,,2024106399
202608150101071001,知床特別･2勝,15:00,３歳以上,芝,1200,1,1,, ガットネロ,牝,6,小沢大仁, 56 ,28,69.77,9,61.1,6, 0.95,10.2,,,,,28.8,2勝,10,13,023,,2020105073
202608150101071002,知床特別･2勝,15:00,３歳以上,芝,1200,1,2,, セイプリーズ,牝,4,古川吉洋, 56 ,13,69.81,13,71.3,1, 0.99,-0.1,,,,,15.4,2勝,10,13,023,,2022105583
202608150101071003,知床特別･2勝,15:00,３歳以上,芝,1200,2,3,, ムチャスグラシアス,牝,5,佐々木大, 56 ,18,69.62,4,42.6,10, 0.80,28.7,,,,,42.5,2勝,10,13,023,,2021104217
202608150101071004,知床特別･2勝,15:00,３歳以上,芝,1200,2,4,, ブルボンクイーン,牝,5,松本大輝, 56 ,22,69.79,11,42.1,11, 0.97,29.2,,,,,22.9,2勝,10,13,023,,2021100297
202608150101071005,知床特別･2勝,15:00,３歳以上,芝,1200,3,5,, スムースベルベット,牝,6,黛弘人, 56 ,31,69.80,12,32.9,15, 0.98,38.4,,,,,14.0,2勝,10,13,023,,2020106987
202608150101071006,知床特別･2勝,15:00,３歳以上,芝,1200,3,6,, ブライティアダイヤ,牝,5,横山琉人, 56 ,17,69.40,3,35.7,14, 0.58,35.6,,,,,54.4,2勝,10,13,023,,2021102468
202608150101071007,知床特別･2勝,15:00,３歳以上,芝,1200,4,7,, モズトキキ,牝,5,菊沢一樹, 56 ,21,69.70,7,45.8,8, 0.88,25.5,,,,,9.0,2勝,10,13,023,,2021102914
202608150101071008,知床特別･2勝,15:00,３歳以上,芝,1200,4,8,, グランテレーズ,牝,5,舟山瑠泉, 56 ,24,69.65,5,64.4,4, 0.83, 6.9,,,,,8.6,2勝,10,13,023,,2021102401
202608150101071009,知床特別･2勝,15:00,３歳以上,芝,1200,5,9,, ベニシア,牝,5,原田和真, 56 ,22,69.38,2,24.9,16, 0.56,46.4,,,,,33.7,2勝,10,13,023,,2021100662
202608150101071010,知床特別･2勝,15:00,３歳以上,芝,1200,5,10,, メイショウミリオレ,牝,5,池添謙一, 56 ,19,69.66,6,41.9,12, 0.84,29.4,,,,,13.8,2勝,10,13,023,,2021103278
202608150101071011,知床特別･2勝,15:00,３歳以上,芝,1200,6,11,, コックオーヴァン,牝,3,長浜鴻緒, 54 ,8,68.82,1,62.4,5,-0.56, 8.9,,,,,15.2,2勝,10,13,023,,2023106405
202608150101071012,知床特別･2勝,15:00,３歳以上,芝,1200,6,12,, ハリウッドメモリー,牝,4,横山和生, 56 ,17,69.78,10,71.2,2, 0.96, 0.1,,,,,2.7,2勝,10,13,023,,2022100632
202608150101071013,知床特別･2勝,15:00,３歳以上,芝,1200,7,13,, ベビーズブレス,牝,4,荻野琢真, 56 ,13,69.76,8,53.9,7, 0.94,17.4,,,,,30.1,2勝,10,13,023,,2022106351
202608150101071014,知床特別･2勝,15:00,３歳以上,芝,1200,7,14,, ストレイトアスク,牝,5,北村友一, 56 ,18,69.92,15,68.1,3, 1.10, 3.2,,,,,9.7,2勝,10,13,023,,2021102312
202608150101071015,知床特別･2勝,15:00,３歳以上,芝,1200,8,15,, ミニョンマルーン,牝,4,石川倭, 56 ,17,69.91,14,43.0,9, 1.09,28.3,,,,,12.5,2勝,10,13,023,,2022103151
202608150101071016,知床特別･2勝,15:00,３歳以上,芝,1200,8,16,, エルサトアナ,牝,4,菱田裕二, 56 ,17,69.98,16,37.8,13, 1.16,33.5,,,,,52.0,2勝,10,13,023,,2022100933
202608150101071101,報知杯Ｈ･3勝,15:35,３歳以上,ダ,1700,1,1,, プロミシングスター,牡,5,横山琉人, 54 ,25,106.41,6,59.3,6, 1.08,19.9,,,,,10.1,3勝,11,13,A03,,2021103073
202608150101071102,報知杯Ｈ･3勝,15:35,３歳以上,ダ,1700,2,2,, マンオブザマッチ,牡,4,舟山瑠泉, 56 ,14,106.19,4,63.5,4, 0.86,15.7,,,,,11.9,3勝,11,13,A03,,2022101677
202608150101071103,報知杯Ｈ･3勝,15:35,３歳以上,ダ,1700,3,3,, キャットテイル,牝,4,横山武史, 53 ,11,106.39,5,67.7,2, 1.06,11.5,,,,,13.6,3勝,11,13,A03,,2022101678
202608150101071104,報知杯Ｈ･3勝,15:35,３歳以上,ダ,1700,3,4,, ノーブルスカイ,牡,5,吉田隼人, 54 ,20,107.56,13,35.5,12, 2.23,43.7,,,,,16.6,3勝,11,13,A03,,2021102256
202608150101071105,報知杯Ｈ･3勝,15:35,３歳以上,ダ,1700,4,5,, ゲキザル,牡,7,小林脩斗, 55 ,55,106.59,8,39.5,9, 1.26,39.7,,,,,6.6,3勝,11,13,A03,,2019102102
202608150101071106,報知杯Ｈ･3勝,15:35,３歳以上,ダ,1700,4,6,, レーウィン,セ,5,長浜鴻緒, 55 ,18,106.04,3,37.4,11, 0.71,41.8,,,,,25.4,3勝,11,13,A03,,2021100734
202608150101071107,報知杯Ｈ･3勝,15:35,３歳以上,ダ,1700,5,7,, セボンサデッセ,牡,4,菱田裕二, 56 ,11,106.53,7,79.2,1, 1.20,-11.5,,,,,5.0,3勝,11,13,A03,,2022104903
202608150101071108,報知杯Ｈ･3勝,15:35,３歳以上,ダ,1700,5,8,, トルショー,牡,4,黛弘人, 54 ,15,107.60,14,37.8,10, 2.27,41.4,,,,,19.7,3勝,11,13,A03,,2022103766
202608150101071109,報知杯Ｈ･3勝,15:35,３歳以上,ダ,1700,6,9,, キュールエフウジン,牡,7,斎藤新, 53 ,32,107.28,12,23.3,14, 1.95,55.9,,,,,35.3,3勝,11,13,A03,,2019102983
202608150101071110,報知杯Ｈ･3勝,15:35,３歳以上,ダ,1700,6,10,, モズカトレア,牝,4,小林美駒, 52 ,9,106.96,10,25.5,13, 1.63,53.7,,,,,13.4,3勝,11,13,A03,,2022102123
202608150101071111,報知杯Ｈ･3勝,15:35,３歳以上,ダ,1700,7,11,, アイウィル,牡,5,北村友一, 56 ,22,105.33,1,67.2,3,-0.31,12.0,,,,,5.1,3勝,11,13,A03,,2021103502
202608150101071112,報知杯Ｈ･3勝,15:35,３歳以上,ダ,1700,7,12,(外),$アスクケンタッキー,牡,3,小沢大仁, 53 ,7,107.18,11,54.7,7, 1.85,24.5,,,,,19.0,3勝,11,13,A03,,2023110100
202608150101071113,報知杯Ｈ･3勝,15:35,３歳以上,ダ,1700,8,13,, ロードブレイズ,牡,5,横山和生, 55 ,18,105.64,2,45.7,8, 0.31,33.5,,,,,13.1,3勝,11,13,A03,,2021100162
202608150101071114,報知杯Ｈ･3勝,15:35,３歳以上,ダ,1700,8,14,, スマートカイロス,牡,4,古川奈穂, 55 ,13,106.70,9,63.0,5, 1.37,16.2,,,,,14.8,3勝,11,13,A03,,2022102735
202608150101071201,積丹特別･1勝,16:15,３歳以上,芝,2600,1,1,, ジャストビート,牝,3,斎藤新, 53 ,10,162.48,3,47.5,7, 2.23,24.4,,,,,17.0,1勝,12,13,004,,2023101090
202608150101071202,積丹特別･1勝,16:15,３歳以上,芝,2600,2,2,, テイクザクラウン,牡,5,川又賢治, 58 ,25,162.55,5,56.6,6, 2.30,15.3,,,,,33.3,1勝,12,13,004,,2021102379
202608150101071203,積丹特別･1勝,16:15,３歳以上,芝,2600,3,3,, ジーティートシオー,牡,4,菊沢一樹, 58 ,15,163.34,12,26.7,14, 3.09,45.2,,,,,41.1,1勝,12,13,004,,2022104661
202608150101071204,積丹特別･1勝,16:15,３歳以上,芝,2600,3,4,, ペリプルス,牡,6,舟山瑠泉, 58 ,47,163.18,8,42.3,9, 2.93,29.6,,,,,22.5,1勝,12,13,004,,2020105796
202608150101071205,積丹特別･1勝,16:15,３歳以上,芝,2600,4,5,, タケルフォーカス,牡,3,古川吉洋, 55 ,8,163.46,13,70.7,2, 3.21, 1.2,,,,,9.7,1勝,12,13,004,,2023106077
202608150101071206,積丹特別･1勝,16:15,３歳以上,芝,2600,4,6,, ブレイジングスター,牡,4,和田陽希, 58 ,21,163.29,10,32.3,12, 3.04,39.6,,,,,48.9,1勝,12,13,004,,2022103644
202608150101071207,積丹特別･1勝,16:15,３歳以上,芝,2600,5,7,, ミッドタウンナイト,牝,4,荻野琢真, 56 ,10,162.38,2,45.1,8, 2.13,26.8,,,,,28.5,1勝,12,13,004,,2022105529
202608150101071208,積丹特別･1勝,16:15,３歳以上,芝,2600,5,8,, バルドル,牡,3,横山和生, 55 ,4,163.30,11,65.7,4, 3.05, 6.2,,,,,12.4,1勝,12,13,004,,2023104920
202608150101071209,積丹特別･1勝,16:15,３歳以上,芝,2600,6,9,, ミッキーファルコン,牡,3,浜中俊, 55 ,3,160.25,1,71.9,1,-2.13,-1.2,,,,,2.5,1勝,12,13,004,,2023107259
202608150101071210,積丹特別･1勝,16:15,３歳以上,芝,2600,6,10,, オブラプリーマ,牝,3,北村友一, 53 ,6,162.67,6,61.6,5, 2.42,10.3,,,,,14.4,1勝,12,13,004,,2023100237
202608150101071211,積丹特別･1勝,16:15,３歳以上,芝,2600,7,11,, サイモンイロハニー,牝,4,小沢大仁, 56 ,20,163.19,9,38.4,11, 2.94,33.5,,,,,32.0,1勝,12,13,004,,2022104164
202608150101071212,積丹特別･1勝,16:15,３歳以上,芝,2600,7,12,, アーレムアレス,牡,3,菱田裕二, 55 ,8,162.50,4,69.7,3, 2.25, 2.2,,,,,3.1,1勝,12,13,004,,2023105223
202608150101071213,積丹特別･1勝,16:15,３歳以上,芝,2600,8,13,, シャインフリーリー,牡,4,黛弘人, 58 ,18,163.56,14,30.6,13, 3.31,41.3,,,,,43.4,1勝,12,13,004,,2022101495
202608150101071214,積丹特別･1勝,16:15,３歳以上,芝,2600,8,14,, シャインバオバブ,牡,4,池添謙一, 58 ,28,163.03,7,40.2,10, 2.78,31.7,,,,,46.8,1勝,12,13,004,,2022106180
202608150402070101,未勝利*,09:40,２歳,芝,1800,1,1,(外),$ミライノシャチョウ,牝,2,丸山元気, 55 ,1,109.22,8,49.4,5, 0.96,21.9,,,,,12.5,未勝利,1,11,A03,,2024108324
202608150402070102,未勝利*,09:40,２歳,芝,1800,2,2,, ムーチョピカンテ,牡,2,江田照男, 55 ,1,109.56,9,24.4,9, 1.30,46.9,,,,,106.3,未勝利,1,11,A03,,2024102839
202608150402070103,未勝利*,09:40,２歳,芝,1800,3,3,, フルーツバスケット,牡,2,川田将雅, 55 ,2,108.68,3,71.3,1, 0.42,-5.3,,,,,3.0,未勝利,1,11,A03,,2024104561
202608150402070104,未勝利*,09:40,２歳,芝,1800,4,4,, コナパームス,牡,2,戸崎圭太, 55 ,1,108.26,1,66.0,2,-0.41, 5.3,,,,,3.7,未勝利,1,11,A03,,2024106309
202608150402070105,未勝利*,09:40,２歳,芝,1800,5,5,, スターマイン,牝,2,岩田康誠, 55 ,1,109.13,6,52.5,4, 0.87,18.8,,,,,60.6,未勝利,1,11,A03,,2024104692
202608150402070106,未勝利*,09:40,２歳,芝,1800,6,6,, シュートザワークス,牡,2,津村明秀, 55 ,1,108.67,2,58.4,3, 0.41,12.9,,,,,6.4,未勝利,1,11,A03,,2024107076
202608150402070107,未勝利*,09:40,２歳,芝,1800,7,7,, オーラムミーティア,牡,2,松岡正海, 55 ,1,108.70,4,39.3,8, 0.44,32.0,,,,,46.0,未勝利,1,11,A03,,2024107030
202608150402070108,未勝利*,09:40,２歳,芝,1800,8,8,, マルガリート,牝,2,小崎綾也, 55 ,2,109.17,7,40.5,7, 0.91,30.8,,,,,36.1,未勝利,1,11,A03,,2024105550
202608150402070109,未勝利*,09:40,２歳,芝,1800,8,9,, ドミナートル,牡,2,原優介, 55 ,1,108.95,5,47.8,6, 0.69,23.5,,,,,2.9,未勝利,1,11,A03,,2024102244
202608150402070201,新馬・牝,10:10,２歳,芝,1400,1,1,, カナデルペガサス,牝,2,今村聖奈,53◇,0,82.94,9,51.8,6, 0.58,15.5,,,,,9.5,新馬,2,11,023,,2024101108
202608150402070202,新馬・牝,10:10,２歳,芝,1400,2,2,, エコロブラン,牝,2,津村明秀, 55 ,0,82.56,2,67.2,2, 0.20, 0.1,,,,,11.3,新馬,2,11,023,,2024105831
202608150402070203,新馬・牝,10:10,２歳,芝,1400,2,3,, ディーヴァソラーレ,牝,2,木幡巧也, 55 ,0,82.72,3,58.1,4, 0.36, 9.2,,,,,11.3,新馬,2,11,023,,2024106776
202608150402070204,新馬・牝,10:10,２歳,芝,1400,3,4,, スナッチアップ,牝,2,杉原誠人, 55 ,0,82.90,8,52.7,5, 0.54,14.6,,,,,3.5,新馬,2,11,023,,2024107017
202608150402070205,新馬・牝,10:10,２歳,芝,1400,3,5,, コスモベスケーデン,牝,2,石神深道,53△,0,82.81,5,60.3,3, 0.45, 7.0,,,,,3.7,新馬,2,11,023,,2024103600
202608150402070206,新馬・牝,10:10,２歳,芝,1400,4,6,, マリノミステリアス,牝,2,小崎綾也, 55 ,0,83.02,11,44.9,9, 0.66,22.4,,,,,41.9,新馬,2,11,023,,2024100287
202608150402070207,新馬・牝,10:10,２歳,芝,1400,4,7,, オモチ,牝,2,丸田恭介, 55 ,0,83.22,14,41.8,11, 0.86,25.5,,,,,18.1,新馬,2,11,023,,2024103660
202608150402070208,新馬・牝,10:10,２歳,芝,1400,5,8,, マムダッドベル,牝,2,柴田大知, 55 ,0,83.10,13,41.5,13, 0.74,25.8,,,,,51.2,新馬,2,11,023,,2024105177
202608150402070209,新馬・牝,10:10,２歳,芝,1400,5,9,, テリオスブギ,牝,2,戸崎圭太, 55 ,0,82.36,1,67.3,1,-0.20,-0.1,,,,,9.8,新馬,2,11,023,,2024106551
202608150402070210,新馬・牝,10:10,２歳,芝,1400,6,10,, アルデラッシュ,牝,2,丸山元気, 55 ,0,82.86,7,49.8,8, 0.50,17.5,,,,,16.0,新馬,2,11,023,,2024106007
202608150402070211,新馬・牝,10:10,２歳,芝,1400,6,11,, アンナモエ,牝,2,石田拓郎,52▲,0,83.26,15,38.5,15, 0.90,28.8,,,,,87.2,新馬,2,11,023,,2024105666
202608150402070212,新馬・牝,10:10,２歳,芝,1400,7,12,, ウキ,牝,2,原優介, 55 ,0,82.98,10,50.2,7, 0.62,17.1,,,,,45.4,新馬,2,11,023,,2024102743
202608150402070213,新馬・牝,10:10,２歳,芝,1400,7,13,, ラインディーバ,牝,2,武藤雅, 55 ,0,82.85,6,42.4,10, 0.49,24.9,,,,,43.6,新馬,2,11,023,,2024100942
202608150402070214,新馬・牝,10:10,２歳,芝,1400,8,14,, ジーティーマルク,牝,2,三浦皇成, 55 ,0,82.78,4,41.6,12, 0.42,25.7,,,,,10.1,新馬,2,11,023,,2024108000
202608150402070215,新馬・牝,10:10,２歳,芝,1400,8,15,, ハチキンキリシマ,牝,2,佐藤翔馬,52▲,0,83.08,12,41.1,14, 0.72,26.2,,,,,101.1,新馬,2,11,023,,2024103969
202608150402070301,新馬,10:40,２歳,芝,1800,1,1,, ルークスイテルム,牡,2,丸山元気, 55 ,0,109.85,5,47.8,7, 0.41,17.4,,,,,101.3,新馬,3,11,A03,,2024104167
202608150402070302,新馬,10:40,２歳,芝,1800,2,2,, リボンロード,牡,2,川田将雅, 55 ,0,109.44,1,65.2,1,-0.26,-2.6,,,,,1.2,新馬,3,11,A03,,2024107154
202608150402070303,新馬,10:40,２歳,芝,1800,3,3,, ケイジャーダ,牝,2,石橋脩, 55 ,0,110.14,8,43.0,9, 0.70,22.2,,,,,137.2,新馬,3,11,A03,,2024103607
202608150402070304,新馬,10:40,２歳,芝,1800,4,4,, モナークスヴァラー,牡,2,木幡巧也, 55 ,0,109.88,6,44.9,8, 0.44,20.3,,,,,10.9,新馬,3,11,A03,,2024105883
202608150402070305,新馬,10:40,２歳,芝,1800,5,5,, ルバート,牡,2,岩田康誠, 55 ,0,110.36,11,54.7,4, 0.92,10.5,,,,,30.7,新馬,3,11,A03,,2024107023
202608150402070306,新馬,10:40,２歳,芝,1800,5,6,, フォクセン,牡,2,武藤雅, 55 ,0,110.49,12,49.7,6, 1.05,15.5,,,,,66.4,新馬,3,11,A03,,2024106388
202608150402070307,新馬,10:40,２歳,芝,1800,6,7,, ケブラダラボジェラ,牝,2,松岡正海, 55 ,0,109.94,7,37.9,11, 0.50,27.3,,,,,61.0,新馬,3,11,A03,,2024103613
202608150402070308,新馬,10:40,２歳,芝,1800,6,8,, リバーススイープ,牡,2,戸崎圭太, 55 ,0,109.70,2,62.6,2, 0.26, 2.6,,,,,14.4,新馬,3,11,A03,,2024107067
202608150402070309,新馬,10:40,２歳,芝,1800,7,9,, コウサイリクリ,牝,2,柴田大知, 55 ,0,110.17,9,37.9,11, 0.73,27.3,,,,,21.7,新馬,3,11,A03,,2024102469
202608150402070310,新馬,10:40,２歳,芝,1800,7,10,, ピコベリー,牝,2,津村明秀, 55 ,0,109.84,4,61.9,3, 0.40, 3.3,,,,,7.4,新馬,3,11,A03,,2024100713
202608150402070311,新馬,10:40,２歳,芝,1800,8,11,, キョウエイシャトル,牡,2,原優介, 55 ,0,110.28,10,42.0,10, 0.84,23.2,,,,,88.6,新馬,3,11,A03,,2024101173
202608150402070312,新馬,10:40,２歳,芝,1800,8,12,, イカルステソーロ,牡,2,石川裕紀, 55 ,0,109.80,3,51.8,5, 0.36,13.4,,,,,44.9,新馬,3,11,A03,,2024101291
202608150402070401,未勝利,11:10,３歳,ダ,1200,1,1,, カフェプラウド,牡,3,水沼元輝,54▲,2,73.57,10,35.0,12, 1.06,49.4,,,,,68.0,未勝利,4,12,003,,2023102246
202608150402070402,未勝利,11:10,３歳,ダ,1200,2,2,, ホットジュピター,牝,3,丸田恭介, 55 ,2,73.78,13,40.6,8, 1.27,43.8,,,,,46.7,未勝利,4,12,003,,2023101396
202608150402070403,未勝利,11:10,３歳,ダ,1200,2,3,, モーニンムスメ,牝,3,今村聖奈,53◇,2,74.35,15,12.8,15, 1.84,71.6,,,,,22.9,未勝利,4,12,003,,2023104693
202608150402070404,未勝利,11:10,３歳,ダ,1200,3,4,, スマートレイナ,牝,3,川田将雅, 55 ,1,73.42,6,64.8,4, 0.91,19.6,,,,,7.5,未勝利,4,12,003,,2023106000
202608150402070405,未勝利,11:10,３歳,ダ,1200,3,5,, イナンナ,牝,3,上里直汰,52▲,1,73.51,9,34.5,13, 1.00,49.9,,,,,81.8,未勝利,4,12,003,,2023102211
202608150402070406,未勝利,11:10,３歳,ダ,1200,4,6,, ワンダーバリエンス,牝,3,柴田大知, 55 ,5,73.50,8,37.3,11, 0.99,47.1,,,,,79.5,未勝利,4,12,003,,2023105196
202608150402070407,未勝利,11:10,３歳,ダ,1200,4,7,, ヴェントベローチェ,牡,3,三浦皇成, 57 ,6,73.10,5,63.8,6, 0.59,20.6,,,,,7.9,未勝利,4,12,003,,2023103133
202608150402070408,未勝利,11:10,３歳,ダ,1200,5,8,, ニンジャトットリ,牡,3,木幡育也, 57 ,12,72.65,2,83.5,2, 0.14, 0.9,,,,,3.9,未勝利,4,12,003,,2023106658
202608150402070409,未勝利,11:10,３歳,ダ,1200,5,9,, ハンナパール,牝,3,吉田豊, 55 ,5,72.69,3,75.7,3, 0.18, 8.7,,,,,8.2,未勝利,4,12,003,,2023100692
202608150402070410,未勝利,11:10,３歳,ダ,1200,6,10,, マジギレカレン,牝,3,佐藤翔馬,52▲,0,73.88,14,27.6,14, 1.37,56.8,,,,,37.8,未勝利,4,12,003,,2023101433
202608150402070411,未勝利,11:10,３歳,ダ,1200,6,11,, レオスキーム,牡,3,木幡巧也, 57 ,5,73.46,7,46.1,7, 0.95,38.3,,,,,90.5,未勝利,4,12,003,,2023104893
202608150402070412,未勝利,11:10,３歳,ダ,1200,7,12,, レイズレガシー,牡,3,田辺裕信, 57 ,7,72.51,1,84.4,1,-0.14,-0.9,,,,,3.8,未勝利,4,12,003,,2023102978
202608150402070413,未勝利,11:10,３歳,ダ,1200,7,13,, ユニオンジャック,牡,3,木幡初也, 57 ,1,73.58,11,40.2,9, 1.07,44.2,,,,,56.0,未勝利,4,12,003,,2023109078
202608150402070414,未勝利,11:10,３歳,ダ,1200,8,14,, バターショコラ,牝,3,岩田康誠, 55 ,4,73.68,12,38.3,10, 1.17,46.1,,,,,25.1,未勝利,4,12,003,,2023105240
202608150402070415,未勝利,11:10,３歳,ダ,1200,8,15,, ロンバスブレス,牝,3,石神深道,53△,4,72.89,4,64.5,5, 0.38,19.9,,,,,6.2,未勝利,4,12,003,,2023106053
202608150402070501,１勝ｸﾗｽ,11:40,３歳以上,芝,1400,1,1,, スタートレイン,牝,3,木幡巧也, 53 ,6,81.51,11,37.0,15, 0.42,32.5,,,,,24.8,1勝,5,13,003,,2023103146
202608150402070502,１勝ｸﾗｽ,11:40,３歳以上,芝,1400,1,2,, モティスフォント,牡,4,川田将雅, 58 ,9,81.44,9,55.6,8, 0.35,13.9,,,,,8.8,1勝,5,13,003,,2022104953
202608150402070503,１勝ｸﾗｽ,11:40,３歳以上,芝,1400,2,3,(地), ココボロ,牝,5,今村聖奈,54◇,20,81.82,17,39.5,14, 0.73,30.0,,,,,37.1,1勝,5,13,003,,2021106419
202608150402070504,１勝ｸﾗｽ,11:40,３歳以上,芝,1400,2,4,, ウフドゥウフ,牡,4,田辺裕信, 58 ,13,81.36,8,66.0,2, 0.27, 3.5,,,,,9.4,1勝,5,13,003,,2022105257
202608150402070505,１勝ｸﾗｽ,11:40,３歳以上,芝,1400,3,5,, デスサイズ,牡,3,石川裕紀, 55 ,5,81.17,2,62.9,5, 0.08, 6.6,,,,,6.0,1勝,5,13,003,,2023101085
202608150402070506,１勝ｸﾗｽ,11:40,３歳以上,芝,1400,3,6,, シュペルリング,牡,3,津村明秀, 55 ,5,81.09,1,58.8,7,-0.08,10.7,,,,,16.4,1勝,5,13,003,,2023104450
202608150402070507,１勝ｸﾗｽ,11:40,３歳以上,芝,1400,4,7,, ミスターマーボー,牡,3,原優介, 55 ,11,81.29,4,63.8,4, 0.20, 5.7,,,,,13.6,1勝,5,13,003,,2023100831
202608150402070508,１勝ｸﾗｽ,11:40,３歳以上,芝,1400,4,8,, ベレーバスク,牝,3,丸山元気, 53 ,7,81.52,12,42.1,13, 0.43,27.4,,,,,26.5,1勝,5,13,003,,2023106477
202608150402070509,１勝ｸﾗｽ,11:40,３歳以上,芝,1400,5,9,, ポタリング,セ,4,武藤雅, 58 ,11,81.71,16,45.8,10, 0.62,23.7,,,,,61.6,1勝,5,13,003,,2022101191
202608150402070510,１勝ｸﾗｽ,11:40,３歳以上,芝,1400,5,10,, ヤマメライズ,セ,3,野中悠太, 55 ,6,81.63,15,32.3,16, 0.54,37.2,,,,,50.7,1勝,5,13,003,,2023105128
202608150402070511,１勝ｸﾗｽ,11:40,３歳以上,芝,1400,6,11,, デルマケセラセラ,牝,4,上里直汰,53▲,7,82.09,18,27.3,18, 1.00,42.2,,,,,98.4,1勝,5,13,003,,2022105477
202608150402070512,１勝ｸﾗｽ,11:40,３歳以上,芝,1400,6,12,, シャオママル,牡,3,丸田恭介, 55 ,6,81.50,10,45.1,12, 0.41,24.4,,,,,10.7,1勝,5,13,003,,2023100776
202608150402070513,１勝ｸﾗｽ,11:40,３歳以上,芝,1400,7,13,, ノーブルクロンヌ,牝,3,三浦皇成, 53 ,10,81.33,6,62.0,6, 0.24, 7.5,,,,,19.5,1勝,5,13,003,,2023103657
202608150402070514,１勝ｸﾗｽ,11:40,３歳以上,芝,1400,7,14,, リーデレクオーレ,牝,3,柴田大知, 53 ,9,81.34,7,49.2,9, 0.25,20.3,,,,,32.3,1勝,5,13,003,,2023104425
202608150402070515,１勝ｸﾗｽ,11:40,３歳以上,芝,1400,7,15,, グリオンヴール,牡,3,戸崎圭太, 55 ,4,81.18,3,69.5,1, 0.09,-3.5,,,,,3.6,1勝,5,13,003,,2023106883
202608150402070516,１勝ｸﾗｽ,11:40,３歳以上,芝,1400,8,16,, エバーラスト,牡,3,石神深道,53△,4,81.30,5,45.8,10, 0.21,23.7,,,,,24.4,1勝,5,13,003,,2023104764
202608150402070517,１勝ｸﾗｽ,11:40,３歳以上,芝,1400,8,17,, フェーダーローター,牝,3,石田拓郎,50▲,8,81.62,14,30.4,17, 0.53,39.1,,,,,53.4,1勝,5,13,003,,2023106484
202608150402070518,１勝ｸﾗｽ,11:40,３歳以上,芝,1400,8,18,, カシオペア,牡,4,石橋脩, 58 ,7,81.53,13,66.0,2, 0.44, 3.5,,,,,13.5,1勝,5,13,003,,2022106203
202608150402070601,阿賀野川･2勝,14:50,３歳以上,芝,2200,1,1,, ダノンピクチャー,牡,4,小崎綾也, 58 ,9,132.83,6,50.2,6, 1.00,24.2,,,,,42.5,2勝,6,13,A04,,2022104980
202608150402070602,阿賀野川･2勝,14:50,３歳以上,芝,2200,2,2,, プリズマジコ,牡,5,原優介, 58 ,19,133.30,13,44.8,9, 1.47,29.6,,,,,85.0,2勝,6,13,A04,,2021106077
202608150402070603,阿賀野川･2勝,14:50,３歳以上,芝,2200,3,3,, ゴールデンパゴーダ,牝,3,石川裕紀, 53 ,5,133.24,12,32.9,13, 1.41,41.5,,,,,70.0,2勝,6,13,A04,,2023101116
202608150402070604,阿賀野川･2勝,14:50,３歳以上,芝,2200,3,4,, ランツフート,牡,4,三浦皇成, 58 ,7,132.56,4,50.7,5, 0.73,23.7,,,,,59.5,2勝,6,13,A04,,2022105577
202608150402070605,阿賀野川･2勝,14:50,３歳以上,芝,2200,4,5,, ロードフィレール,牡,3,戸崎圭太, 55 ,5,131.83,1,73.1,2,-0.49, 1.3,,,,,3.7,2勝,6,13,A04,,2023105818
202608150402070606,阿賀野川･2勝,14:50,３歳以上,芝,2200,4,6,, ファーングロット,牡,4,岩田康誠, 58 ,5,132.32,2,66.1,3, 0.49, 8.3,,,,,11.3,2勝,6,13,A04,,2022105280
202608150402070607,阿賀野川･2勝,14:50,３歳以上,芝,2200,5,7,, サミダレナイツ,牡,4,田辺裕信, 58 ,16,132.60,5,50.0,7, 0.77,24.4,,,,,31.3,2勝,6,13,A04,,2022101605
202608150402070608,阿賀野川･2勝,14:50,３歳以上,芝,2200,5,8,, ビップチェイス,牡,5,杉原誠人, 58 ,23,132.87,8,40.9,12, 1.04,33.5,,,,,48.9,2勝,6,13,A04,,2021105763
202608150402070609,阿賀野川･2勝,14:50,３歳以上,芝,2200,6,9,, キングズトゥルー,牡,4,丸田恭介, 58 ,15,132.91,9,59.2,4, 1.08,15.2,,,,,21.2,2勝,6,13,A04,,2022103510
202608150402070610,阿賀野川･2勝,14:50,３歳以上,芝,2200,6,10,(地), バンフィエルド,牡,7,柴田大知, 58 ,40,133.84,14,22.0,14, 2.01,52.4,,,,,153.7,2勝,6,13,A04,,2019104531
202608150402070611,阿賀野川･2勝,14:50,３歳以上,芝,2200,7,11,, オールマイデイズ,牡,6,丸山元気, 58 ,13,133.09,10,48.7,8, 1.26,25.7,,,,,21.5,2勝,6,13,A04,,2020103718
202608150402070612,阿賀野川･2勝,14:50,３歳以上,芝,2200,7,12,, ブラックオリンピア,牡,3,川田将雅, 55 ,5,132.39,3,74.4,1, 0.56,-1.3,,,,,1.5,2勝,6,13,A04,,2023107168
202608150402070613,阿賀野川･2勝,14:50,３歳以上,芝,2200,8,13,, パッションリッチ,牡,4,木幡巧也, 58 ,12,132.85,7,43.3,10, 1.02,31.1,,,,,41.9,2勝,6,13,A04,,2022105390
202608150402070614,阿賀野川･2勝,14:50,３歳以上,芝,2200,8,14,, ズイウンゴサイ,牡,5,石橋脩, 58 ,21,133.20,11,43.0,11, 1.37,31.4,,,,,96.2,2勝,6,13,A04,,2021100597
202608150402070701,上越Ｓ･3勝,15:25,３歳以上,ダ,1200,1,1,(外),$アメリカンチケット,セ,5,小崎綾也, 58 ,14,71.39,9,57.2,7, 0.84,17.4,,,,,7.1,3勝,7,13,A04,,2021110122
202608150402070702,上越Ｓ･3勝,15:25,３歳以上,ダ,1200,2,2,, クリノオリーブ,牝,5,岩田康誠, 56 ,25,71.35,8,59.4,4, 0.80,15.2,,,,,16.5,3勝,7,13,A04,,2021102259
202608150402070703,上越Ｓ･3勝,15:25,３歳以上,ダ,1200,2,3,, ペレグリン,牝,5,今村聖奈, 56 ,28,71.46,12,36.5,12, 0.91,38.1,,,,,24.0,3勝,7,13,A04,,2021100906
202608150402070704,上越Ｓ･3勝,15:25,３歳以上,ダ,1200,3,4,, ライトニングゼウス,牡,5,原優介, 58 ,18,71.44,11,57.5,6, 0.89,17.1,,,,,7.5,3勝,7,13,A04,,2021104058
202608150402070705,上越Ｓ･3勝,15:25,３歳以上,ダ,1200,3,5,, ワークソング,牡,5,三浦皇成, 58 ,18,71.34,7,55.6,8, 0.79,19.0,,,,,10.3,3勝,7,13,A04,,2021102462
202608150402070706,上越Ｓ･3勝,15:25,３歳以上,ダ,1200,4,6,, ハクサンアイリス,牡,4,丸山元気, 58 ,12,71.10,4,64.1,2, 0.55,10.5,,,,,6.5,3勝,7,13,A04,,2022100328
202608150402070707,上越Ｓ･3勝,15:25,３歳以上,ダ,1200,4,7,, エンヤラヴフェイス,牡,5,川須栄彦, 58 ,24,71.06,3,58.7,5, 0.51,15.9,,,,,9.7,3勝,7,13,A04,,2021101737
202608150402070708,上越Ｓ･3勝,15:25,３歳以上,ダ,1200,5,8,(地), スプランドゥール,牡,5,石神深道, 58 ,27,71.87,15,26.8,13, 1.32,47.8,,,,,39.0,3勝,7,13,A04,,2021100623
202608150402070709,上越Ｓ･3勝,15:25,３歳以上,ダ,1200,5,9,, イノセントキャット,牝,5,田辺裕信, 56 ,12,71.22,6,46.0,11, 0.67,28.6,,,,,22.6,3勝,7,13,A04,,2021104745
202608150402070710,上越Ｓ･3勝,15:25,３歳以上,ダ,1200,6,10,, フウセツ,牡,4,武藤雅, 58 ,14,71.41,10,50.2,10, 0.86,24.4,,,,,16.0,3勝,7,13,A04,,2022101626
202608150402070711,上越Ｓ･3勝,15:25,３歳以上,ダ,1200,6,11,(地), ヴェロクオーレ,牝,5,石川裕紀, 56 ,15,71.14,5,54.8,9, 0.59,19.8,,,,,16.5,3勝,7,13,A04,,2021101397
202608150402070712,上越Ｓ･3勝,15:25,３歳以上,ダ,1200,7,12,, ビバップ,牡,5,吉田豊, 58 ,18,71.64,14,20.7,15, 1.09,53.9,,,,,24.5,3勝,7,13,A04,,2021102700
202608150402070713,上越Ｓ･3勝,15:25,３歳以上,ダ,1200,7,13,, スノーサイレンス,牝,4,戸崎圭太, 56 ,11,70.83,2,61.8,3, 0.28,12.8,,,,,9.3,3勝,7,13,A04,,2022101675
202608150402070714,上越Ｓ･3勝,15:25,３歳以上,ダ,1200,8,14,, パラサイコロジー,牝,4,石田拓郎, 56 ,8,71.62,13,25.3,14, 1.07,49.3,,,,,18.9,3勝,7,13,A04,,2022104862
202608150402070715,上越Ｓ･3勝,15:25,３歳以上,ダ,1200,8,15,(外),$イリフィ,牝,4,川田将雅, 56 ,17,70.55,1,74.6,1,-0.28,-10.5,,,,,7.5,3勝,7,13,A04,,2022110077
202608150402070801,三国特別･1勝,16:05,３歳以上,ダ,1800,1,1,, プルメリアクヒオ,牡,5,石神深道, 58 ,17,114.66,9,51.1,7, 1.71,19.2,,,,,69.4,1勝,8,13,A04,,2021103208
202608150402070802,三国特別･1勝,16:05,３歳以上,ダ,1800,2,2,, インディヴァイン,牡,3,丸山元気, 55 ,3,113.52,3,62.2,4, 0.57, 8.1,,,,,7.2,1勝,8,13,A04,,2023107090
202608150402070803,三国特別･1勝,16:05,３歳以上,ダ,1800,2,3,, ルーナディサングエ,牡,3,菅原隆一, 55 ,6,113.97,5,59.8,6, 1.02,10.5,,,,,4.3,1勝,8,13,A04,,2023103013
202608150402070804,三国特別･1勝,16:05,３歳以上,ダ,1800,3,4,, レボルシオン,牡,5,江田照男, 58 ,5,115.46,13,38.0,12, 2.51,32.3,,,,,14.2,1勝,8,13,A04,,2021103500
202608150402070805,三国特別･1勝,16:05,３歳以上,ダ,1800,3,5,(地), ヨドノタイヨウ,牡,4,野中悠太, 58 ,18,114.72,10,45.2,9, 1.77,25.1,,,,,20.3,1勝,8,13,A04,,2022100348
202608150402070806,三国特別･1勝,16:05,３歳以上,ダ,1800,4,6,, ベストブラザーズ,牡,3,木幡巧也, 55 ,5,113.98,6,60.8,5, 1.03, 9.5,,,,,10.9,1勝,8,13,A04,,2023101087
202608150402070807,三国特別･1勝,16:05,３歳以上,ダ,1800,4,7,, ノーブルアクト,牝,6,水沼元輝, 56 ,32,115.45,12,41.6,11, 2.50,28.7,,,,,76.1,1勝,8,13,A04,,2020104744
202608150402070808,三国特別･1勝,16:05,３歳以上,ダ,1800,5,8,, インナーパッション,牡,3,戸崎圭太, 55 ,3,113.32,2,66.1,2, 0.37, 4.2,,,,,6.2,1勝,8,13,A04,,2023103714
202608150402070809,三国特別･1勝,16:05,３歳以上,ダ,1800,5,9,, ジェイエルモーダル,牡,3,田辺裕信, 55 ,7,112.95,1,70.3,1,-0.37,-4.2,,,,,3.5,1勝,8,13,A04,,2023106313
202608150402070810,三国特別･1勝,16:05,３歳以上,ダ,1800,6,10,, シュガーハイ,牡,4,上里直汰, 58 ,11,115.47,14,35.2,13, 2.52,35.1,,,,,79.5,1勝,8,13,A04,,2022104177
202608150402070811,三国特別･1勝,16:05,３歳以上,ダ,1800,6,11,, アンシュウマト,牡,3,三浦皇成, 55 ,5,113.70,4,64.1,3, 0.75, 6.2,,,,,11.9,1勝,8,13,A04,,2023101929
202608150402070812,三国特別･1勝,16:05,３歳以上,ダ,1800,7,12,, グランドスウェル,セ,3,武藤雅, 55 ,6,114.26,7,49.8,8, 1.31,20.5,,,,,33.5,1勝,8,13,A04,,2023102833
202608150402070813,三国特別･1勝,16:05,３歳以上,ダ,1800,7,13,(外),$スターチスブーケ,牝,5,丸田恭介, 56 ,23,115.61,15,28.9,15, 2.66,41.4,,,,,44.5,1勝,8,13,A04,,2021110075
202608150402070814,三国特別･1勝,16:05,３歳以上,ダ,1800,8,14,, ターフクリスタル,牡,3,石橋脩, 55 ,5,114.51,8,42.4,10, 1.56,27.9,,,,,27.4,1勝,8,13,A04,,2023104958
202608150402070815,三国特別･1勝,16:05,３歳以上,ダ,1800,8,15,(地), オンサイト,牡,4,小崎綾也, 58 ,12,115.26,11,33.7,14, 2.31,36.6,,,,,54.0,1勝,8,13,A04,,2022100423
202608150402070901,新潟ジャJG3,16:40,３歳以上,芝,3250,1,1,, シャンデルナゴル,牡,6,中村将之, 60 ,32,212.23,2,,, 0.21,,,,,,4.7,ＪＧ３,9,18,A00,,2020103193
202608150402070902,新潟ジャJG3,16:40,３歳以上,芝,3250,2,2,(外),$アメリカンピース,セ,8,小坂忠士, 60 ,40,213.74,9,,, 1.72,,,,,,23.6,ＪＧ３,9,18,A00,,2018110131
202608150402070903,新潟ジャJG3,16:40,３歳以上,芝,3250,3,3,, ローンウルフ,牡,5,大江原圭, 60 ,26,213.05,5,,, 1.03,,,,,,30.5,ＪＧ３,9,18,A00,,2021104112
202608150402070904,新潟ジャJG3,16:40,３歳以上,芝,3250,4,4,, ブラックボイス,牡,7,坂口智康, 60 ,28,212.30,3,,, 0.28,,,,,,5.9,ＪＧ３,9,18,A00,,2019105276
202608150402070905,新潟ジャJG3,16:40,３歳以上,芝,3250,5,5,, セイウンパシュート,セ,6,水沼元輝, 60 ,29,212.77,4,,, 0.75,,,,,,12.9,ＪＧ３,9,18,A00,,2020100233
202608150402070906,新潟ジャJG3,16:40,３歳以上,芝,3250,6,6,, プラチナドリーム,牡,7,高田潤, 60 ,40,213.15,6,,, 1.13,,,,,,5.4,ＪＧ３,9,18,A00,,2019106330
202608150402070907,新潟ジャJG3,16:40,３歳以上,芝,3250,6,7,, ビーンスターク,セ,5,草野太郎, 60 ,16,215.57,11,,, 3.55,,,,,,37.1,ＪＧ３,9,18,A00,,2021103578
202608150402070908,新潟ジャJG3,16:40,３歳以上,芝,3250,7,8,, ローディアマント,セ,6,伴啓太, 60 ,17,213.99,10,,, 1.97,,,,,,4.8,ＪＧ３,9,18,A00,,2020101429
202608150402070909,新潟ジャJG3,16:40,３歳以上,芝,3250,7,9,, ピーターサイト,セ,6,上野翔, 60 ,22,213.16,7,,, 1.14,,,,,,7.5,ＪＧ３,9,18,A00,,2020105611
202608150402070910,新潟ジャJG3,16:40,３歳以上,芝,3250,8,10,, パープルアドミラル,牡,6,金子光希, 60 ,29,213.51,8,,, 1.49,,,,,,30.1,ＪＧ３,9,18,A00,,2020104328
202608150402070911,新潟ジャJG3,16:40,３歳以上,芝,3250,8,11,, ヴェールランス,牡,7,五十嵐雄, 60 ,25,212.02,1,,,-0.21,,,,,,7.2,ＪＧ３,9,18,A00,,2019104767
202608150402071001,未勝利,17:15,３歳,ダ,1800,1,1,, イデアクリスタル,牝,3,石川裕紀, 55 ,9,115.43,4,66.6,3, 0.48,15.5,,,,,31.7,未勝利,10,12,003,,2023102033
202608150402071002,未勝利,17:15,３歳,ダ,1800,2,2,, ブルーリファール,牡,3,石橋脩, 57 ,5,115.76,9,51.8,7, 0.81,30.3,,,,,64.7,未勝利,10,12,003,,2023106180
202608150402071003,未勝利,17:15,３歳,ダ,1800,2,3,, マイネルシュラハト,牡,3,柴田大知, 57 ,8,115.51,5,51.1,8, 0.56,31.0,,,,,10.0,未勝利,10,12,003,,2023106436
202608150402071004,未勝利,17:15,３歳,ダ,1800,3,4,, サンタピア,牡,3,木幡巧也, 57 ,6,115.00,2,61.5,6, 0.05,20.6,,,,,17.2,未勝利,10,12,003,,2023102804
202608150402071005,未勝利,17:15,３歳,ダ,1800,3,5,, エターナルホープ,牡,3,原優介, 57 ,4,115.19,3,73.7,2, 0.24, 8.4,,,,,8.4,未勝利,10,12,003,,2023102555
202608150402071006,未勝利,17:15,３歳,ダ,1800,4,6,, クライナリーゼ,牡,3,今村聖奈,55◇,10,115.81,10,35.9,11, 0.86,46.2,,,,,18.9,未勝利,10,12,003,,2023104192
202608150402071007,未勝利,17:15,３歳,ダ,1800,4,7,, パワポケグッド,牡,3,佐藤翔馬,54▲,8,116.17,11,44.7,10, 1.22,37.4,,,,,111.2,未勝利,10,12,003,,2023106198
202608150402071008,未勝利,17:15,３歳,ダ,1800,5,8,, オーシャンミューズ,牝,3,杉原誠人, 55 ,3,117.00,14,26.5,14, 2.05,55.6,,,,,94.3,未勝利,10,12,003,,2023103510
202608150402071009,未勝利,17:15,３歳,ダ,1800,5,9,, マーチンゲール,牡,3,川田将雅, 57 ,5,114.95,1,82.1,1,-0.05,-8.4,,,,,2.3,未勝利,10,12,003,,2023102580
202608150402071010,未勝利,17:15,３歳,ダ,1800,6,10,, ダノンオンザビート,牡,3,三浦皇成, 57 ,1,116.60,12,27.7,13, 1.65,54.4,,,,,6.9,未勝利,10,12,003,,2023105369
202608150402071011,未勝利,17:15,３歳,ダ,1800,6,11,, ニシノロッドマン,牡,3,野中悠太, 57 ,8,115.74,8,49.1,9, 0.79,33.0,,,,,26.8,未勝利,10,12,003,,2023104706
202608150402071012,未勝利,17:15,３歳,ダ,1800,7,12,, レジェルテ,牡,3,戸崎圭太, 57 ,7,115.66,7,65.3,5, 0.71,16.8,,,,,12.6,未勝利,10,12,003,,2023107303
202608150402071013,未勝利,17:15,３歳,ダ,1800,7,13,, コールリッジ,牡,3,津村明秀, 57 ,3,115.58,6,66.2,4, 0.63,15.9,,,,,9.3,未勝利,10,12,003,,2023106338
202608150402071014,未勝利,17:15,３歳,ダ,1800,8,14,, ナツミカンチャン,牝,3,上里直汰,52▲,2,118.11,15,13.8,15, 3.16,68.3,,,,,36.6,未勝利,10,12,003,,2023101733
202608150402071015,未勝利,17:15,３歳,ダ,1800,8,15,, ジューンマーチ,牡,3,川須栄彦, 57 ,7,116.63,13,33.5,12, 1.68,48.6,,,,,32.7,未勝利,10,12,003,,2023101848
202608150402071101,未勝利,17:45,３歳,芝,1000,1,1,, ジーティーソレイユ,牝,3,丸田恭介, 55 ,6,56.82,17,41.0,12, 0.51,37.4,,,,,16.8,未勝利,11,12,A03,,2023103728
202608150402071102,未勝利,17:45,３歳,芝,1000,1,2,, コンフィアンサ,牝,3,津村明秀, 55 ,10,56.41,5,78.4,1, 0.10,-10.9,,,,,13.5,未勝利,11,12,A03,,2023102342
202608150402071103,未勝利,17:45,３歳,芝,1000,2,3,, ミヤカグラ,牝,3,今村聖奈,53◇,3,56.63,11,52.3,11, 0.32,26.1,,,,,32.0,未勝利,11,12,A03,,2023105567
202608150402071104,未勝利,17:45,３歳,芝,1000,2,4,, スーホ,牡,3,石橋脩, 57 ,3,56.51,9,57.9,9, 0.20,20.5,,,,,22.1,未勝利,11,12,A03,,2023107249
202608150402071105,未勝利,17:45,３歳,芝,1000,3,5,, アルティーノ,牡,3,川須栄彦, 57 ,4,56.79,16,22.9,17, 0.48,55.5,,,,,89.1,未勝利,11,12,A03,,2023106062
202608150402071106,未勝利,17:45,３歳,芝,1000,3,6,, リュウセイコウテイ,牡,3,原優介, 57 ,8,56.65,12,66.9,3, 0.34,11.5,,,,,25.0,未勝利,11,12,A03,,2023106437
202608150402071107,未勝利,17:45,３歳,芝,1000,4,7,, スタンダールロマン,牝,3,松岡正海, 55 ,3,56.61,10,35.6,13, 0.30,42.8,,,,,76.2,未勝利,11,12,A03,,2023105725
202608150402071108,未勝利,17:45,３歳,芝,1000,4,8,, メーレスブリーゼ,牝,3,武藤雅, 55 ,4,56.43,7,53.1,10, 0.12,25.3,,,,,38.2,未勝利,11,12,A03,,2023106429
202608150402071109,未勝利,17:45,３歳,芝,1000,5,9,, ダイユウヴェンティ,牝,3,石田拓郎,52▲,11,56.74,15,34.1,14, 0.43,44.3,,,,,25.9,未勝利,11,12,A03,,2023105102
202608150402071110,未勝利,17:45,３歳,芝,1000,5,10,,*ソレム,牝,3,石神深道,53△,2,56.34,2,64.7,5, 0.03,13.7,,,,,7.2,未勝利,11,12,A03,,2023107213
202608150402071111,未勝利,17:45,３歳,芝,1000,6,11,, シャルマンナナ,牝,3,木幡巧也, 55 ,1,56.44,8,58.3,8, 0.13,20.1,,,,,13.9,未勝利,11,12,A03,,2023101483
202608150402071112,未勝利,17:45,３歳,芝,1000,6,12,, リナシタ,牝,3,石川裕紀, 55 ,5,56.42,6,60.5,7, 0.11,17.9,,,,,29.1,未勝利,11,12,A03,,2023100290
202608150402071113,未勝利,17:45,３歳,芝,1000,7,13,, エレクトロン,牡,3,江田照男, 57 ,10,56.37,4,63.5,6, 0.06,14.9,,,,,20.9,未勝利,11,12,A03,,2023106608
202608150402071114,未勝利,17:45,３歳,芝,1000,7,14,, ユアベストダンサー,牝,3,上里直汰,52▲,1,56.70,13,26.9,16, 0.39,51.5,,,,,76.2,未勝利,11,12,A03,,2023103663
202608150402071115,未勝利,17:45,３歳,芝,1000,7,15,, メインテーマ,牝,3,佐藤翔馬,52▲,5,56.72,14,31.4,15, 0.41,47.0,,,,,13.8,未勝利,11,12,A03,,2023103571
202608150402071116,未勝利,17:45,３歳,芝,1000,8,16,, ルディドゥゲンジ,牝,3,杉原誠人, 55 ,5,56.31,1,64.8,4,-0.03,13.6,,,,,8.6,未勝利,11,12,A03,,2023103934
202608150402071117,未勝利,17:45,３歳,芝,1000,8,17,, カゼノオモイデ,牝,3,丸山元気, 55 ,2,58.26,18,19.2,18, 1.95,59.2,,,,,38.5,未勝利,11,12,A03,,2023100890
202608150402071118,未勝利,17:45,３歳,芝,1000,8,18,, ラウンドヒル,牝,3,三浦皇成, 55 ,4,56.35,3,67.5,2, 0.04,10.9,,,,,2.5,未勝利,11,12,A03,,2023105751
202608150402071201,未勝利,18:20,３歳,芝,2000,1,1,, ソニックブーム,牝,3,戸崎圭太, 55 ,9,121.87,5,67.7,1, 0.44,-1.8,,,,,15.6,未勝利,12,12,A03,,2023102008
202608150402071202,未勝利,18:20,３歳,芝,2000,1,2,, サマーナジュム,牡,3,石川裕紀, 57 ,6,122.82,17,39.3,15, 1.39,28.4,,,,,38.3,未勝利,12,12,A03,,2023104379
202608150402071203,未勝利,18:20,３歳,芝,2000,2,3,, イノーマル,牡,3,三浦皇成, 57 ,0,123.06,18,35.6,16, 1.63,32.1,,,,,11.5,未勝利,12,12,A03,,2023105014
202608150402071204,未勝利,18:20,３歳,芝,2000,2,4,, カドドゥディエ,牝,3,上里直汰,52▲,6,121.86,4,54.8,7, 0.43,12.9,,,,,8.2,未勝利,12,12,A03,,2023100812
202608150402071205,未勝利,18:20,３歳,芝,2000,3,5,, ラグアイリータ,牝,3,津村明秀, 55 ,5,122.28,11,65.9,2, 0.85, 1.8,,,,,16.4,未勝利,12,12,A03,,2023106463
202608150402071206,未勝利,18:20,３歳,芝,2000,3,6,, ナムラオリガミ,牝,3,小崎綾也, 55 ,7,122.12,10,65.8,3, 0.69, 1.9,,,,,13.6,未勝利,12,12,A03,,2023106236
202608150402071207,未勝利,18:20,３歳,芝,2000,4,7,, モーブプリエール,牝,3,原優介, 55 ,5,122.05,9,42.2,13, 0.62,25.5,,,,,25.7,未勝利,12,12,A03,,2023107282
202608150402071208,未勝利,18:20,３歳,芝,2000,4,8,, キコリータ,牝,3,石田拓郎,52▲,6,121.89,6,54.2,8, 0.46,13.5,,,,,10.2,未勝利,12,12,A03,,2023103321
202608150402071209,未勝利,18:20,３歳,芝,2000,5,9,, セレスティアハート,牝,3,野中悠太, 55 ,1,122.75,16,22.9,18, 1.32,44.8,,,,,91.8,未勝利,12,12,A03,,2023100186
202608150402071210,未勝利,18:20,３歳,芝,2000,5,10,, アドマイヤフク,牝,3,木幡巧也, 55 ,4,121.72,3,46.4,11, 0.29,21.3,,,,,21.5,未勝利,12,12,A03,,2023101048
202608150402071211,未勝利,18:20,３歳,芝,2000,6,11,, スノーエルヴァ,牝,3,今村聖奈,53◇,6,121.43,1,50.4,9,-0.09,17.3,,,,,9.8,未勝利,12,12,A03,,2023106145
202608150402071212,未勝利,18:20,３歳,芝,2000,6,12,, コスモペンタス,牝,3,柴田大知, 55 ,6,122.69,15,40.8,14, 1.26,26.9,,,,,42.8,未勝利,12,12,A03,,2023106482
202608150402071213,未勝利,18:20,３歳,芝,2000,7,13,, セキテイリノ,牡,3,江田照男, 57 ,6,121.97,7,65.6,4, 0.54, 2.1,,,,,6.0,未勝利,12,12,A03,,2023103447
202608150402071214,未勝利,18:20,３歳,芝,2000,7,14,, キリスパークル,牝,3,石橋脩, 55 ,6,121.98,8,45.6,12, 0.55,22.1,,,,,54.8,未勝利,12,12,A03,,2023100312
202608150402071215,未勝利,18:20,３歳,芝,2000,7,15,, アマンヘセル,牝,3,田辺裕信, 55 ,2,121.52,2,62.9,5, 0.09, 4.8,,,,,4.7,未勝利,12,12,A03,,2023102389
202608150402071216,未勝利,18:20,３歳,芝,2000,8,16,, モストロ,牡,3,佐藤翔馬,54▲,1,122.42,12,33.0,17, 0.99,34.7,,,,,82.2,未勝利,12,12,A03,,2023100893
202608150402071217,未勝利,18:20,３歳,芝,2000,8,17,, エラガバリウム,セ,3,丸山元気, 57 ,2,122.60,14,50.2,10, 1.17,17.5,,,,,12.5,未勝利,12,12,A03,,2023107335
202608150402071218,未勝利,18:20,３歳,芝,2000,8,18,, フォーエバーラブ,牡,3,石神深道,55△,11,122.58,13,55.9,6, 1.15,11.8,,,,,73.5,未勝利,12,12,A03,,2023102941
202608150702070101,未勝利*,09:50,２歳,ダ,1400,1,1,, アイゼンフォルク,牡,2,松山弘平, 55 ,1,86.45,2,83.6,1, 0.13,-0.5,,,,,4.3,未勝利,1,11,A03,,2024100725
202608150702070102,未勝利*,09:50,２歳,ダ,1400,1,2,, タイセイルミナス,牝,2,吉村誠之, 55 ,2,87.45,8,50.0,7, 1.13,33.6,,,,,20.5,未勝利,1,11,A03,,2024104363
202608150702070103,未勝利*,09:50,２歳,ダ,1400,2,3,, マルモタワー,牡,2,富田暁, 55 ,1,87.67,11,21.4,15, 1.35,62.2,,,,,170.2,未勝利,1,11,A03,,2024102979
202608150702070104,未勝利*,09:50,２歳,ダ,1400,2,4,, タガノレクシア,牡,2,田口貫太, 55 ,1,86.94,4,59.2,6, 0.62,24.4,,,,,6.8,未勝利,1,11,A03,,2024103380
202608150702070105,未勝利*,09:50,２歳,ダ,1400,3,5,(外),$ルガルデ,牡,2,柴田裕一,53△,1,87.99,16,26.6,14, 1.67,57.0,,,,,70.4,未勝利,1,11,A03,,2024108222
202608150702070106,未勝利*,09:50,２歳,ダ,1400,3,6,, マルモリマイベスト,牡,2,泉谷楓真, 55 ,2,87.75,12,45.8,10, 1.43,37.8,,,,,96.8,未勝利,1,11,A03,,2024108132
202608150702070107,未勝利*,09:50,２歳,ダ,1400,4,7,, スピーディスピン,牝,2,田山旺佑,54☆,2,87.59,9,68.3,4, 1.27,15.3,,,,,10.1,未勝利,1,11,A03,,2024107310
202608150702070108,未勝利*,09:50,２歳,ダ,1400,4,8,, ソリドゥス,牡,2,秋山稔樹, 55 ,1,87.04,5,62.6,5, 0.72,21.0,,,,,19.8,未勝利,1,11,A03,,2024104583
202608150702070109,未勝利*,09:50,２歳,ダ,1400,5,9,, アイシテルヨナオミ,牝,2,永島まな,53◇,2,87.92,14,19.5,16, 1.60,64.1,,,,,80.6,未勝利,1,11,A03,,2024107158
202608150702070110,未勝利*,09:50,２歳,ダ,1400,5,10,, シャインロード,牡,2,松若風馬, 55 ,2,87.39,7,42.3,11, 1.07,41.3,,,,,58.6,未勝利,1,11,A03,,2024107339
202608150702070111,未勝利*,09:50,２歳,ダ,1400,6,11,, クリコキアナ,牝,2,森田誠也,52▲,3,87.10,6,48.5,8, 0.78,35.1,,,,,51.4,未勝利,1,11,A03,,2024100009
202608150702070112,未勝利*,09:50,２歳,ダ,1400,6,12,, ラブシンフォニー,牝,2,幸英明, 55 ,1,87.94,15,27.7,13, 1.62,55.9,,,,,126.8,未勝利,1,11,A03,,2024107177
202608150702070113,未勝利*,09:50,２歳,ダ,1400,7,13,(外),$エコログレイス,牝,2,団野大成, 55 ,1,87.82,13,41.6,12, 1.50,42.0,,,,,16.4,未勝利,1,11,A03,,2024108329
202608150702070114,未勝利*,09:50,２歳,ダ,1400,7,14,, ブレイズカルナバル,牡,2,国分恭介, 55 ,1,86.74,3,71.7,3, 0.42,11.9,,,,,12.4,未勝利,1,11,A03,,2024107253
202608150702070115,未勝利*,09:50,２歳,ダ,1400,8,15,, ブラックミューズ,牝,2,岩田望来, 55 ,2,86.32,1,83.1,2,-0.13, 0.5,,,,,2.4,未勝利,1,11,A03,,2024106131
202608150702070116,未勝利*,09:50,２歳,ダ,1400,8,16,, スマートポーション,牝,2,コレット, 55 ,1,87.65,10,47.4,9, 1.33,36.2,,,,,26.5,未勝利,1,11,A03,,2024101076
202608150702070201,未勝利,10:20,３歳,芝,1400,1,1,, リアンマカ,牡,3,森田誠也,54▲,6,81.15,10,34.0,12, 0.25,37.0,,,,,124.1,未勝利,2,12,A03,,2023105253
202608150702070202,未勝利,10:20,３歳,芝,1400,2,2,, ビケイムフリー,牝,3,柴田裕一,53△,5,81.08,8,27.3,15, 0.18,43.7,,,,,154.7,未勝利,2,12,A03,,2023104381
202608150702070203,未勝利,10:20,３歳,芝,1400,2,3,, ノーブルラホーヤ,牝,3,国分恭介, 55 ,5,80.94,3,47.2,9, 0.04,23.8,,,,,26.9,未勝利,2,12,A03,,2023103195
202608150702070204,未勝利,10:20,３歳,芝,1400,3,4,, リフルフォース,牝,3,角田大和, 55 ,3,81.10,9,41.6,10, 0.20,29.4,,,,,19.0,未勝利,2,12,A03,,2023105788
202608150702070205,未勝利,10:20,３歳,芝,1400,3,5,, シバノパージャン,牡,3,高倉稜, 57 ,4,81.19,11,32.9,13, 0.29,38.1,,,,,132.3,未勝利,2,12,A03,,2023107409
202608150702070206,未勝利,10:20,３歳,芝,1400,4,6,, トウカイジーク,牡,3,岩田望来, 57 ,4,81.23,12,68.1,3, 0.33, 2.9,,,,,8.2,未勝利,2,12,A03,,2023100555
202608150702070207,未勝利,10:20,３歳,芝,1400,4,7,, ヤマニンアレシス,牡,3,鮫島良太, 57 ,8,80.92,2,70.3,2, 0.02, 0.7,,,,,4.4,未勝利,2,12,A03,,2023104357
202608150702070208,未勝利,10:20,３歳,芝,1400,5,8,(外),$チャンピオンロード,牡,3,坂井瑠星, 57 ,0,81.64,15,53.2,7, 0.74,17.8,,,,,7.7,未勝利,2,12,A03,,2023110023
202608150702070209,未勝利,10:20,３歳,芝,1400,5,9,, アンガーザガール,牝,3,西村淳也, 55 ,7,81.24,13,71.0,1, 0.34,-0.7,,,,,3.2,未勝利,2,12,A03,,2023106856
202608150702070210,未勝利,10:20,３歳,芝,1400,6,10,, ショウナンライラ,牡,3,富田暁, 57 ,8,80.90,1,51.7,8,-0.02,19.3,,,,,17.5,未勝利,2,12,A03,,2023100277
202608150702070211,未勝利,10:20,３歳,芝,1400,6,11,, ベルフィーノ,牝,3,永島まな,53◇,5,81.06,7,34.4,11, 0.16,36.6,,,,,29.4,未勝利,2,12,A03,,2023101013
202608150702070212,未勝利,10:20,３歳,芝,1400,7,12,, キュールエサクラコ,牝,3,川端海翼,52▲,0,81.41,14,28.9,14, 0.51,42.1,,,,,58.6,未勝利,2,12,A03,,2023103684
202608150702070213,未勝利,10:20,３歳,芝,1400,7,13,, デルニエジョイ,牡,3,田口貫太, 57 ,8,80.97,4,60.4,6, 0.07,10.6,,,,,10.0,未勝利,2,12,A03,,2023101973
202608150702070214,未勝利,10:20,３歳,芝,1400,8,14,, モカプウイング,牝,3,コレット, 55 ,7,81.01,6,65.8,4, 0.11, 5.2,,,,,12.0,未勝利,2,12,A03,,2023103334
202608150702070215,未勝利,10:20,３歳,芝,1400,8,15,, グッデイ,牝,3,秋山稔樹, 55 ,7,80.99,5,62.5,5, 0.09, 8.5,,,,,15.7,未勝利,2,12,A03,,2023106988
202608150702070301,新馬,10:50,２歳,芝,1200,1,1,, リアルカムイ,牡,2,田口貫太, 55 ,0,69.76,4,46.2,5, 0.15,17.4,,,,,11.3,新馬,3,11,A03,,2024104764
202608150702070302,新馬,10:50,２歳,芝,1200,2,2,, ステラヴェント,牝,2,高倉稜, 55 ,0,69.82,5,43.0,6, 0.21,20.6,,,,,13.8,新馬,3,11,A03,,2024103414
202608150702070303,新馬,10:50,２歳,芝,1200,3,3,, セイウンマイラヴ,牝,2,田山旺佑,54☆,0,69.72,3,49.8,4, 0.11,13.8,,,,,4.9,新馬,3,11,A03,,2024101674
202608150702070304,新馬,10:50,２歳,芝,1200,4,4,(外),$ピコキング,牡,2,団野大成, 55 ,0,69.61,1,52.0,3,-0.05,11.6,,,,,4.5,新馬,3,11,A03,,2024108326
202608150702070305,新馬,10:50,２歳,芝,1200,5,5,, スクールディーヴァ,牝,2,コレット, 55 ,0,69.91,6,63.6,1, 0.30,-0.9,,,,,4.8,新馬,3,11,A03,,2024104674
202608150702070306,新馬,10:50,２歳,芝,1200,6,6,, コルベータ,牡,2,西村淳也, 55 ,0,69.66,2,62.7,2, 0.05, 0.9,,,,,2.2,新馬,3,11,A03,,2024106723
202608150702070307,新馬,10:50,２歳,芝,1200,7,7,, レットミーゴー,牝,2,城戸義政, 55 ,0,70.11,7,32.3,7, 0.50,31.3,,,,,37.0,新馬,3,11,A03,,2024104236
202608150702070401,未勝利,11:20,３歳,芝,1400,1,1,, アンリミテッド,牡,3,藤懸貴志, 57 ,10,80.90,2,64.9,3, 0.01,11.9,,,,,31.0,未勝利,4,12,A03,,2023104417
202608150702070402,未勝利,11:20,３歳,芝,1400,2,2,, アイルトン,牡,3,酒井学, 57 ,10,80.92,4,69.8,2, 0.03, 7.0,,,,,18.1,未勝利,4,12,A03,,2023102920
202608150702070403,未勝利,11:20,３歳,芝,1400,3,3,, ペアピーターソン,牡,3,松若風馬, 57 ,4,81.25,11,30.1,12, 0.36,46.7,,,,,50.0,未勝利,4,12,A03,,2023106404
202608150702070404,未勝利,11:20,３歳,芝,1400,3,4,, パトローナス,セ,3,吉村誠之, 57 ,7,81.37,12,26.3,13, 0.48,50.5,,,,,9.2,未勝利,4,12,A03,,2023106931
202608150702070405,未勝利,11:20,３歳,芝,1400,4,5,, ルナカカオ,牝,3,田山旺佑,54☆,5,81.52,13,30.4,11, 0.63,46.4,,,,,17.6,未勝利,4,12,A03,,2023107432
202608150702070406,未勝利,11:20,３歳,芝,1400,4,6,, スワトウ,牝,3,Ｍ．デム, 55 ,6,80.94,6,59.8,6, 0.05,17.0,,,,,19.6,未勝利,4,12,A03,,2023103333
202608150702070407,未勝利,11:20,３歳,芝,1400,5,7,, ロングジーニアス,牝,3,長岡禎仁, 55 ,4,80.98,7,47.9,8, 0.09,28.9,,,,,88.2,未勝利,4,12,A03,,2023103159
202608150702070408,未勝利,11:20,３歳,芝,1400,5,8,, ハピネスサンライズ,牝,3,団野大成, 55 ,7,81.65,14,25.6,14, 0.76,51.2,,,,,20.2,未勝利,4,12,A03,,2023100910
202608150702070409,未勝利,11:20,３歳,芝,1400,6,9,, ヴィーラー,牝,3,中井裕二, 55 ,6,80.91,3,59.3,7, 0.02,17.5,,,,,52.5,未勝利,4,12,A03,,2023103081
202608150702070410,未勝利,11:20,３歳,芝,1400,6,10,, ルージュエテルナ,牝,3,西塚洸二, 55 ,4,81.04,8,60.3,5, 0.15,16.5,,,,,14.8,未勝利,4,12,A03,,2023103330
202608150702070411,未勝利,11:20,３歳,芝,1400,7,11,, リーガルスプレンダ,牝,3,加藤祥太, 55 ,7,81.18,10,38.3,10, 0.29,38.5,,,,,37.7,未勝利,4,12,A03,,2023103685
202608150702070412,未勝利,11:20,３歳,芝,1400,7,12,, リントゥラウル,牡,3,幸英明, 57 ,7,80.89,1,62.4,4,-0.01,14.4,,,,,15.3,未勝利,4,12,A03,,2023101735
202608150702070413,未勝利,11:20,３歳,芝,1400,8,13,, パノラマステージ,牝,3,国分優作, 55 ,6,81.08,9,47.3,9, 0.19,29.5,,,,,99.3,未勝利,4,12,A03,,2023107072
202608150702070414,未勝利,11:20,３歳,芝,1400,8,14,, モンシーク,牡,3,松山弘平, 57 ,6,80.93,5,76.8,1, 0.04,-7.0,,,,,1.4,未勝利,4,12,A03,,2023105000
202608150702070501,未勝利・牝,11:50,３歳,ダ,1800,1,1,, ノヴァレジーナ,牝,3,国分恭介, 55 ,9,115.74,8,49.0,9, 0.80,27.7,,,,,21.7,未勝利,5,12,023,,2023105587
202608150702070502,未勝利・牝,11:50,３歳,ダ,1800,1,2,, メイショウプレマ,牝,3,国分優作, 55 ,6,115.30,5,66.2,4, 0.36,10.5,,,,,8.2,未勝利,5,12,023,,2023101585
202608150702070503,未勝利・牝,11:50,３歳,ダ,1800,2,3,, キミガスキダ,牝,3,藤懸貴志, 55 ,6,115.27,4,76.7,1, 0.33,-0.5,,,,,8.9,未勝利,5,12,023,,2023100605
202608150702070504,未勝利・牝,11:50,３歳,ダ,1800,2,4,, アティラン,牝,3,森田誠也,52▲,4,116.77,13,30.4,15, 1.83,46.3,,,,,40.0,未勝利,5,12,023,,2023105641
202608150702070505,未勝利・牝,11:50,３歳,ダ,1800,3,5,, ブライトココナッツ,牝,3,田山旺佑,54☆,3,116.84,14,31.1,14, 1.90,45.6,,,,,28.1,未勝利,5,12,023,,2023102724
202608150702070506,未勝利・牝,11:50,３歳,ダ,1800,3,6,, エレーデサンライズ,牝,3,幸英明, 55 ,6,114.98,2,76.2,2, 0.04, 0.5,,,,,8.4,未勝利,5,12,023,,2023100912
202608150702070507,未勝利・牝,11:50,３歳,ダ,1800,4,7,, アキノビューティー,牝,3,鮫島良太, 55 ,4,114.94,1,76.0,3,-0.04, 0.7,,,,,5.4,未勝利,5,12,023,,2023100233
202608150702070508,未勝利・牝,11:50,３歳,ダ,1800,4,8,, ピンクカメリア,牝,3,西塚洸二, 55 ,3,115.73,7,39.2,11, 0.79,37.5,,,,,28.3,未勝利,5,12,023,,2023101229
202608150702070509,未勝利・牝,11:50,３歳,ダ,1800,5,9,, パーフェクトパティ,牝,3,西村淳也, 55 ,0,116.92,15,37.4,13, 1.98,39.3,,,,,32.9,未勝利,5,12,023,,2023106365
202608150702070510,未勝利・牝,11:50,３歳,ダ,1800,5,10,, クレスコフェーヴ,牝,3,中井裕二, 55 ,7,116.35,11,38.2,12, 1.41,38.5,,,,,73.3,未勝利,5,12,023,,2023103829
202608150702070511,未勝利・牝,11:50,３歳,ダ,1800,6,11,, ベイニーニャ,牝,3,長岡禎仁, 55 ,2,116.41,12,50.1,8, 1.47,26.6,,,,,5.7,未勝利,5,12,023,,2023105819
202608150702070512,未勝利・牝,11:50,３歳,ダ,1800,6,12,, ショルタメンテ,牝,3,永島まな,53◇,3,116.27,10,42.0,10, 1.33,34.7,,,,,21.6,未勝利,5,12,023,,2023103819
202608150702070513,未勝利・牝,11:50,３歳,ダ,1800,7,13,, フローマジック,牝,3,岩田望来, 55 ,4,115.25,3,62.2,5, 0.31,14.5,,,,,6.8,未勝利,5,12,023,,2023105252
202608150702070514,未勝利・牝,11:50,３歳,ダ,1800,7,14,, グランビスタ,牝,3,吉村誠之, 55 ,4,116.02,9,52.8,7, 1.08,23.9,,,,,13.3,未勝利,5,12,023,,2023107190
202608150702070515,未勝利・牝,11:50,３歳,ダ,1800,8,15,, ウォーターコトノハ,牝,3,柴田裕一,53△,4,117.49,16,15.7,16, 2.55,61.0,,,,,234.9,未勝利,5,12,023,,2023101666
202608150702070516,未勝利・牝,11:50,３歳,ダ,1800,8,16,, マルベック,牝,3,コレット, 55 ,4,115.72,6,56.0,6, 0.78,20.7,,,,,11.9,未勝利,5,12,023,,2023105155
202608150702070601,知多特別･2勝,15:10,３歳以上,芝,1200,1,1,, モンテディアーナ,牝,4,団野大成, 56 ,13,68.78,10,32.7,9, 0.64,36.2,,,,,6.6,2勝,6,13,A04,,2022104597
202608150702070602,知多特別･2勝,15:10,３歳以上,芝,1200,2,2,(地), ハルオーブ,牡,6,酒井学, 58 ,47,68.40,7,49.4,6, 0.26,19.5,,,,,16.0,2勝,6,13,A04,,2020104732
202608150702070603,知多特別･2勝,15:10,３歳以上,芝,1200,3,3,(地), ヒーローインチーフ,セ,5,富田暁, 58 ,24,68.55,8,41.7,8, 0.41,27.2,,,,,20.6,2勝,6,13,A04,,2021106661
202608150702070604,知多特別･2勝,15:10,３歳以上,芝,1200,4,4,, モンサンゴールデン,牡,3,柴田裕一, 56 ,10,68.26,3,49.2,7, 0.12,19.7,,,,,15.9,2勝,6,13,A04,,2023104044
202608150702070605,知多特別･2勝,15:10,３歳以上,芝,1200,5,5,, パリコレジェンヌ,牝,4,田口貫太, 56 ,15,68.28,5,54.5,5, 0.14,14.4,,,,,7.9,2勝,6,13,A04,,2022104501
202608150702070606,知多特別･2勝,15:10,３歳以上,芝,1200,6,6,, タミゼ,牝,5,幸英明, 56 ,19,68.71,9,29.0,10, 0.57,39.9,,,,,54.4,2勝,6,13,A04,,2021100650
202608150702070607,知多特別･2勝,15:10,３歳以上,芝,1200,6,7,, トップアタック,牡,3,坂井瑠星, 56 ,8,68.27,4,64.4,4, 0.13, 4.5,,,,,4.7,2勝,6,13,A04,,2023104528
202608150702070608,知多特別･2勝,15:10,３歳以上,芝,1200,7,8,, ファイツオン,牡,5,吉村誠之, 58 ,18,68.88,11,27.1,11, 0.74,41.8,,,,,21.6,2勝,6,13,A04,,2021100476
202608150702070609,知多特別･2勝,15:10,３歳以上,芝,1200,7,9,, シラヌイ,牝,3,松山弘平, 54 ,5,68.14,1,65.0,3,-0.09, 3.9,,,,,5.1,2勝,6,13,A04,,2023105668
202608150702070610,知多特別･2勝,15:10,３歳以上,芝,1200,8,10,, フォーゲル,牡,3,コレット, 56 ,10,68.32,6,68.9,1, 0.18,-1.4,,,,,3.9,2勝,6,13,A04,,2023105273
202608150702070611,知多特別･2勝,15:10,３歳以上,芝,1200,8,11,, インフローレ,牝,4,岩田望来, 56 ,13,68.23,2,67.5,2, 0.09, 1.4,,,,,13.2,2勝,6,13,A04,,2022102729
202608150702070701,高山ＳＨ･3勝,15:45,３歳以上,芝,2000,1,1,, アラタマフェーヴル,牡,5,コレット, 55 ,15,120.04,7,54.0,4, 0.64,12.5,,,,,9.2,3勝,7,13,A03,,2021102115
202608150702070702,高山ＳＨ･3勝,15:45,３歳以上,芝,2000,2,2,, シンゼンカガ,牡,4,団野大成, 56 ,15,119.90,5,36.4,7, 0.50,30.1,,,,,9.2,3勝,7,13,A03,,2022105345
202608150702070703,高山ＳＨ･3勝,15:45,３歳以上,芝,2000,3,3,, ドットクルー,牡,6,西塚洸二, 55 ,28,119.97,6,42.7,5, 0.57,23.8,,,,,19.3,3勝,7,13,A03,,2020101486
202608150702070704,高山ＳＨ･3勝,15:45,３歳以上,芝,2000,4,4,, ダノンジャイアン,牡,4,西村淳也, 55 ,10,119.43,2,55.7,3, 0.03,10.8,,,,,9.7,3勝,7,13,A03,,2022105399
202608150702070705,高山ＳＨ･3勝,15:45,３歳以上,芝,2000,5,5,, バッデレイト,牡,5,岩田望来, 57 ,13,119.58,3,65.9,2, 0.18, 0.6,,,,,5.1,3勝,7,13,A03,,2021102728
202608150702070706,高山ＳＨ･3勝,15:45,３歳以上,芝,2000,6,6,, キーパフォーマー,牝,5,吉村誠之, 53 ,18,119.64,4,42.4,6, 0.24,24.1,,,,,7.2,3勝,7,13,A03,,2021104948
202608150702070707,高山ＳＨ･3勝,15:45,３歳以上,芝,2000,7,7,, フィオレストラーダ,牝,4,松若風馬, 54 ,10,119.40,1,66.5,1,-0.03,-0.6,,,,,1.9,3勝,7,13,A03,,2022100626
202608150702070708,高山ＳＨ･3勝,15:45,３歳以上,芝,2000,8,8,, カクウチ,牡,3,藤懸貴志, 50 ,8,120.51,8,35.9,8, 1.11,30.6,,,,,21.9,3勝,7,13,A03,,2023101405
202608150702070801,常滑特別･1勝,16:25,３歳以上,芝,2000,1,1,, アクセス,牡,3,坂井瑠星, 55 ,3,120.35,3,71.9,1, 0.31,-5.7,,,,,2.9,1勝,8,13,004,,2023100947
202608150702070802,常滑特別･1勝,16:25,３歳以上,芝,2000,2,2,[地], エイシンリファイン,牝,3,筒井勇介, 53 ,10,121.33,8,27.0,9, 1.29,44.9,,,,,120.5,1勝,8,13,004,,2023105495
202608150702070803,常滑特別･1勝,16:25,３歳以上,芝,2000,3,3,, スイッチビスケット,牡,4,松若風馬, 58 ,12,121.69,10,31.9,8, 1.65,40.0,,,,,45.5,1勝,8,13,004,,2022106295
202608150702070804,常滑特別･1勝,16:25,３歳以上,芝,2000,4,4,, パンチャマハブータ,牝,3,松山弘平, 53 ,6,120.61,7,46.9,7, 0.57,25.0,,,,,14.9,1勝,8,13,004,,2023101404
202608150702070805,常滑特別･1勝,16:25,３歳以上,芝,2000,5,5,, ピースヒロフェイス,牝,5,富田暁, 56 ,29,121.35,9,26.8,10, 1.31,45.1,,,,,41.1,1勝,8,13,004,,2021105769
202608150702070806,常滑特別･1勝,16:25,３歳以上,芝,2000,6,6,, ダンツウルス,牡,3,田口貫太, 55 ,8,120.54,5,51.9,6, 0.50,20.0,,,,,14.9,1勝,8,13,004,,2023102901
202608150702070807,常滑特別･1勝,16:25,３歳以上,芝,2000,7,7,, ベンティガオルサ,牡,3,団野大成, 55 ,5,120.04,1,54.9,5,-0.15,17.0,,,,,12.8,1勝,8,13,004,,2023101582
202608150702070808,常滑特別･1勝,16:25,３歳以上,芝,2000,7,8,, チェルヴァーラ,牡,3,西村淳也, 55 ,4,120.19,2,66.2,2, 0.15, 5.7,,,,,2.0,1勝,8,13,004,,2023107106
202608150702070809,常滑特別･1勝,16:25,３歳以上,芝,2000,8,9,, アトレッタ,牡,3,幸英明, 55 ,3,120.36,4,65.8,3, 0.32, 6.1,,,,,15.3,1勝,8,13,004,,2023104008
202608150702070810,常滑特別･1勝,16:25,３歳以上,芝,2000,8,10,, ショウグンマサムネ,牡,3,岩田望来, 55 ,5,120.58,6,56.1,4, 0.54,15.8,,,,,9.7,1勝,8,13,004,,2023103897
202608150702070901,１勝ｸﾗｽ,17:00,３歳以上,ダ,1800,1,1,, ルシタニア,セ,4,森田誠也,55▲,8,114.75,13,56.9,5, 1.14,13.5,,,,,50.0,1勝,9,13,A03,,2022104640
202608150702070902,１勝ｸﾗｽ,17:00,３歳以上,ダ,1800,1,2,, メイショウマドロス,牡,5,坂井瑠星, 58 ,3,114.50,10,45.3,12, 0.89,25.1,,,,,8.0,1勝,9,13,A03,,2021102835
202608150702070903,１勝ｸﾗｽ,17:00,３歳以上,ダ,1800,2,3,, エイシンティザー,牡,3,岩田望来, 55 ,7,113.61,1,70.4,1,-0.05,-7.8,,,,,4.6,1勝,9,13,A03,,2023105516
202608150702070904,１勝ｸﾗｽ,17:00,３歳以上,ダ,1800,2,4,(地), ソリッドベーシス,セ,4,秋山稔樹, 58 ,10,116.27,16,25.9,16, 2.66,44.5,,,,,182.7,1勝,9,13,A03,,2022105697
202608150702070905,１勝ｸﾗｽ,17:00,３歳以上,ダ,1800,3,5,, メイショウサッソウ,牡,3,加藤祥太, 55 ,6,114.19,6,56.9,5, 0.58,13.5,,,,,49.4,1勝,9,13,A03,,2023101953
202608150702070906,１勝ｸﾗｽ,17:00,３歳以上,ダ,1800,3,6,, オーレアミスト,セ,4,角田大和, 58 ,12,114.91,15,44.2,13, 1.30,26.2,,,,,40.1,1勝,9,13,A03,,2022104841
202608150702070907,１勝ｸﾗｽ,17:00,３歳以上,ダ,1800,4,7,, インシオン,牡,3,西塚洸二, 55 ,6,114.41,8,55.9,8, 0.80,14.5,,,,,9.5,1勝,9,13,A03,,2023107203
202608150702070908,１勝ｸﾗｽ,17:00,３歳以上,ダ,1800,4,8,, アーサーバローズ,牡,3,吉村誠之, 55 ,11,114.85,14,31.7,14, 1.24,38.7,,,,,28.1,1勝,9,13,A03,,2023105468
202608150702070909,１勝ｸﾗｽ,17:00,３歳以上,ダ,1800,5,9,, プロスペクトパーク,牡,4,筒井勇介, 58 ,14,114.15,5,48.3,9, 0.54,22.1,,,,,37.3,1勝,9,13,A03,,2022105548
202608150702070910,１勝ｸﾗｽ,17:00,３歳以上,ダ,1800,5,10,,*タイセイドラード,牡,4,西村淳也, 58 ,2,114.43,9,47.7,10, 0.82,22.7,,,,,2.5,1勝,9,13,A03,,2022105075
202608150702070911,１勝ｸﾗｽ,17:00,３歳以上,ダ,1800,6,11,, ナリノシャーウッド,牡,3,団野大成, 55 ,4,114.40,7,45.9,11, 0.79,24.5,,,,,26.8,1勝,9,13,A03,,2023105963
202608150702070912,１勝ｸﾗｽ,17:00,３歳以上,ダ,1800,6,12,, タリスマン,牡,5,伊藤工真, 58 ,18,114.54,11,31.3,15, 0.93,39.1,,,,,117.8,1勝,9,13,A03,,2021104618
202608150702070913,１勝ｸﾗｽ,17:00,３歳以上,ダ,1800,7,13,, ケンフィールド,牡,3,幸英明, 55 ,12,114.14,4,60.8,3, 0.53, 9.6,,,,,13.7,1勝,9,13,A03,,2023101694
202608150702070914,１勝ｸﾗｽ,17:00,３歳以上,ダ,1800,7,14,, ロックウイズユー,セ,4,コレット, 58 ,16,114.57,12,59.6,4, 0.96,10.8,,,,,36.1,1勝,9,13,A03,,2022103143
202608150702070915,１勝ｸﾗｽ,17:00,３歳以上,ダ,1800,8,15,, ヨカオウ,牡,3,田山旺佑,54☆,10,113.84,3,62.6,2, 0.23, 7.8,,,,,10.0,1勝,9,13,A03,,2023102707
202608150702070916,１勝ｸﾗｽ,17:00,３歳以上,ダ,1800,8,16,, ケイアイアマゾン,牡,3,藤懸貴志, 55 ,8,113.66,2,56.0,7, 0.05,14.4,,,,,29.0,1勝,9,13,A03,,2023105762
202608150702071001,１勝ｸﾗｽ,17:30,３歳以上,ダ,1400,1,1,, タイセイサーブル,牡,3,西村淳也, 55 ,4,84.86,3,47.1,9, 0.08,26.3,,,,,14.7,1勝,10,13,A03,,2023104674
202608150702071002,１勝ｸﾗｽ,17:30,３歳以上,ダ,1400,1,2,, エブリデイ,牡,3,秋山稔樹, 55 ,7,85.10,8,53.2,7, 0.32,20.2,,,,,39.2,1勝,10,13,A03,,2023102902
202608150702071003,１勝ｸﾗｽ,17:30,３歳以上,ダ,1400,2,3,, アーディアイリ,牝,3,吉村誠之, 53 ,5,85.26,11,41.6,12, 0.48,31.8,,,,,29.9,1勝,10,13,A03,,2023102460
202608150702071004,１勝ｸﾗｽ,17:30,３歳以上,ダ,1400,2,4,, ラブミーナッソー,牝,4,森田誠也,53▲,8,85.60,14,39.8,13, 0.82,33.6,,,,,35.6,1勝,10,13,A03,,2022103453
202608150702071005,１勝ｸﾗｽ,17:30,３歳以上,ダ,1400,3,5,(外),$レーヴドアンジュ,牝,4,柴田裕一,54△,11,85.41,13,39.4,14, 0.63,34.0,,,,,116.9,1勝,10,13,A03,,2022110157
202608150702071006,１勝ｸﾗｽ,17:30,３歳以上,ダ,1400,3,6,, バルミラクル,牡,4,鮫島良太, 58 ,18,85.20,9,44.6,10, 0.42,28.8,,,,,5.7,1勝,10,13,A03,,2022106177
202608150702071007,１勝ｸﾗｽ,17:30,３歳以上,ダ,1400,4,7,, ナムラティアラ,牝,3,松若風馬, 53 ,8,85.28,12,50.1,8, 0.50,23.3,,,,,24.5,1勝,10,13,A03,,2023106228
202608150702071008,１勝ｸﾗｽ,17:30,３歳以上,ダ,1400,4,8,(地), アスクムービーオン,セ,5,コレット, 58 ,11,86.61,16,28.5,15, 1.83,44.9,,,,,17.8,1勝,10,13,A03,,2021102318
202608150702071009,１勝ｸﾗｽ,17:30,３歳以上,ダ,1400,5,9,, ミルミナーヴァ,牝,5,永島まな,54◇,18,85.88,15,25.1,16, 1.10,48.3,,,,,27.2,1勝,10,13,A03,,2021106332
202608150702071010,１勝ｸﾗｽ,17:30,３歳以上,ダ,1400,5,10,(外)(地),$ザングウィル,牡,6,岩田望来, 58 ,25,84.90,4,65.6,2, 0.12, 7.8,,,,,9.5,1勝,10,13,A03,,2020110051
202608150702071011,１勝ｸﾗｽ,17:30,３歳以上,ダ,1400,6,11,, エイシンマールス,牡,4,松山弘平, 58 ,14,84.83,2,73.4,1, 0.05,-7.8,,,,,10.7,1勝,10,13,A03,,2022102624
202608150702071012,１勝ｸﾗｽ,17:30,３歳以上,ダ,1400,6,12,, アーガイルショア,牝,3,団野大成, 53 ,8,84.78,1,65.5,3,-0.05, 7.9,,,,,11.3,1勝,10,13,A03,,2023103718
202608150702071013,１勝ｸﾗｽ,17:30,３歳以上,ダ,1400,7,13,, シュテフィ,牝,3,田口貫太, 53 ,7,85.25,10,42.8,11, 0.47,30.6,,,,,46.3,1勝,10,13,A03,,2023105301
202608150702071014,１勝ｸﾗｽ,17:30,３歳以上,ダ,1400,7,14,(外),$ジューンセクレタ,牡,3,富田暁, 55 ,7,84.97,7,59.2,5, 0.19,14.2,,,,,7.1,1勝,10,13,A03,,2023110029
202608150702071015,１勝ｸﾗｽ,17:30,３歳以上,ダ,1400,8,15,(外),$キーンセンス,牡,3,幸英明, 55 ,10,84.91,5,57.9,6, 0.13,15.5,,,,,8.6,1勝,10,13,A03,,2023110036
202608150702071016,１勝ｸﾗｽ,17:30,３歳以上,ダ,1400,8,16,, ララバッカナール,牝,5,田山旺佑,55☆,12,84.96,6,65.5,3, 0.18, 7.9,,,,,4.6,1勝,10,13,A03,,2021107097
202608150702071101,１勝ｸﾗｽ,18:00,３歳以上,芝,1600,1,1,, スマートティアナ,牝,3,岩田望来, 53 ,3,93.24,2,70.7,2, 0.10, 4.5,,,,,6.1,1勝,11,13,003,,2023102225
202608150702071102,１勝ｸﾗｽ,18:00,３歳以上,芝,1600,2,2,, ミラキュラスアース,牝,3,西塚洸二, 53 ,4,93.68,6,58.2,4, 0.54,17.0,,,,,13.3,1勝,11,13,003,,2023107074
202608150702071103,１勝ｸﾗｽ,18:00,３歳以上,芝,1600,2,3,, プチプランス,牡,4,吉村誠之, 58 ,11,94.40,13,36.2,12, 1.26,39.0,,,,,23.5,1勝,11,13,003,,2022101565
202608150702071104,１勝ｸﾗｽ,18:00,３歳以上,芝,1600,3,4,, イージーライダー,牡,3,コレット, 55 ,6,93.58,5,54.7,5, 0.44,20.5,,,,,3.5,1勝,11,13,003,,2023102814
202608150702071105,１勝ｸﾗｽ,18:00,３歳以上,芝,1600,3,5,, メイショウビストロ,牡,4,富田暁, 58 ,13,93.52,4,54.7,5, 0.38,20.5,,,,,14.6,1勝,11,13,003,,2022103251
202608150702071106,１勝ｸﾗｽ,18:00,３歳以上,芝,1600,4,6,, マルモア,牝,5,角田大和, 56 ,11,93.80,7,52.6,7, 0.66,22.6,,,,,23.4,1勝,11,13,003,,2021105245
202608150702071107,１勝ｸﾗｽ,18:00,３歳以上,芝,1600,4,7,, レインオンミー,牡,4,森田誠也,55▲,15,94.15,10,47.7,9, 1.01,27.5,,,,,31.9,1勝,11,13,003,,2022104117
202608150702071108,１勝ｸﾗｽ,18:00,３歳以上,芝,1600,5,8,, ハレアカラフラ,牝,6,松若風馬, 56 ,20,94.18,12,45.6,10, 1.04,29.6,,,,,21.0,1勝,11,13,003,,2020103292
202608150702071109,１勝ｸﾗｽ,18:00,３歳以上,芝,1600,5,9,, サリーチェ,牝,4,国分優作, 56 ,13,94.80,15,26.5,15, 1.66,48.7,,,,,19.7,1勝,11,13,003,,2022104794
202608150702071110,１勝ｸﾗｽ,18:00,３歳以上,芝,1600,6,10,, フェルシナ,牝,4,田山旺佑,55☆,13,93.87,8,50.7,8, 0.73,24.5,,,,,14.2,1勝,11,13,003,,2022105831
202608150702071111,１勝ｸﾗｽ,18:00,３歳以上,芝,1600,6,11,, マイリトルヒーロー,牡,3,幸英明, 55 ,5,93.14,1,67.5,3,-0.10, 7.7,,,,,7.2,1勝,11,13,003,,2023106785
202608150702071112,１勝ｸﾗｽ,18:00,３歳以上,芝,1600,7,12,, ギザキズラヴ,牝,4,藤懸貴志, 56 ,11,93.99,9,27.5,14, 0.85,47.7,,,,,39.2,1勝,11,13,003,,2022106715
202608150702071113,１勝ｸﾗｽ,18:00,３歳以上,芝,1600,7,13,, ペプチドブッドレア,牝,3,団野大成, 53 ,7,93.38,3,75.2,1, 0.24,-4.5,,,,,6.1,1勝,11,13,003,,2023105720
202608150702071114,１勝ｸﾗｽ,18:00,３歳以上,芝,1600,8,14,, テレプシコーラ,牝,4,中井裕二, 56 ,15,94.65,14,36.1,13, 1.51,39.1,,,,,32.8,1勝,11,13,003,,2022100457
202608150702071115,１勝ｸﾗｽ,18:00,３歳以上,芝,1600,8,15,, ラガークイン,牝,5,田口貫太, 56 ,23,94.16,11,45.4,11, 1.02,29.8,,,,,44.2,1勝,11,13,003,,2021105416
202608150702071201,未勝利,18:30,３歳,ダ,1200,1,1,, タマモビスケット,牝,3,柴田裕一,53△,7,73.87,14,49.7,9, 1.04,35.1,,,,,27.1,未勝利,12,12,003,,2023102448
202608150702071202,未勝利,18:30,３歳,ダ,1200,1,2,, ワンダーミューズ,牝,3,松若風馬, 55 ,2,73.85,13,25.2,14, 1.02,59.6,,,,,37.9,未勝利,12,12,003,,2023100166
202608150702071203,未勝利,18:30,３歳,ダ,1200,2,3,, ブロンザイト,牡,3,国分優作, 57 ,4,73.49,6,46.5,11, 0.66,38.3,,,,,12.3,未勝利,12,12,003,,2023106979
202608150702071204,未勝利,18:30,３歳,ダ,1200,2,4,, フェイトブレイカー,セ,3,秋山稔樹, 57 ,2,73.52,7,58.0,5, 0.69,26.8,,,,,94.0,未勝利,12,12,003,,2023101803
202608150702071205,未勝利,18:30,３歳,ダ,1200,3,5,, ナムラロダン,牡,3,田山旺佑,56☆,10,72.83,1,84.8,1,-0.30,-1.0,,,,,5.8,未勝利,12,12,003,,2023106223
202608150702071206,未勝利,18:30,３歳,ダ,1200,3,6,, ザキノフレンズ,牡,3,団野大成, 57 ,10,73.42,5,83.8,2, 0.59, 1.0,,,,,18.0,未勝利,12,12,003,,2023104433
202608150702071207,未勝利,18:30,３歳,ダ,1200,4,7,, チョウスター,牝,3,幸英明, 55 ,7,73.13,2,76.0,3, 0.30, 8.8,,,,,12.4,未勝利,12,12,003,,2023104226
202608150702071208,未勝利,18:30,３歳,ダ,1200,4,8,, アイアン,牡,3,吉村誠之, 57 ,2,73.57,9,52.4,7, 0.74,32.4,,,,,22.0,未勝利,12,12,003,,2023103096
202608150702071209,未勝利,18:30,３歳,ダ,1200,5,9,, ペコリズム,牝,3,田口貫太, 55 ,4,73.58,10,48.4,10, 0.75,36.4,,,,,13.6,未勝利,12,12,003,,2023106339
202608150702071210,未勝利,18:30,３歳,ダ,1200,5,10,, ブルークレスト,牡,3,城戸義政, 57 ,1,74.49,16,15.9,16, 1.66,68.9,,,,,215.4,未勝利,12,12,003,,2023101888
202608150702071211,未勝利,18:30,３歳,ダ,1200,6,11,, ハッピーリオン,牝,3,太宰啓介, 55 ,4,73.34,4,54.4,6, 0.51,30.4,,,,,29.6,未勝利,12,12,003,,2023101899
202608150702071212,未勝利,18:30,３歳,ダ,1200,6,12,, チェカ,牝,3,西塚洸二, 55 ,2,73.79,12,25.8,13, 0.96,59.0,,,,,99.6,未勝利,12,12,003,,2023104385
202608150702071213,未勝利,18:30,３歳,ダ,1200,7,13,, クリノゴージャス,牝,3,森田誠也,52▲,1,73.95,15,21.8,15, 1.12,63.0,,,,,119.2,未勝利,12,12,003,,2023102488
202608150702071214,未勝利,18:30,３歳,ダ,1200,7,14,, ファーヴニル,牝,3,筒井勇介, 55 ,3,73.67,11,43.5,12, 0.84,41.3,,,,,76.7,未勝利,12,12,003,,2023101691
202608150702071215,未勝利,18:30,３歳,ダ,1200,8,15,, ゴールドアーチ,牡,3,岩田望来, 57 ,2,73.56,8,62.3,4, 0.73,22.5,,,,,1.8,未勝利,12,12,003,,2023102051
202608150702071216,未勝利,18:30,３歳,ダ,1200,8,16,,*ミスジェイド,牝,3,長岡禎仁, 55 ,6,73.29,3,50.7,8, 0.46,34.1,,,,,21.8,未勝利,12,12,003,,2023104199
